fill	x	y	tooltip	key	clickSelects	showSelected1	showSelected2
#FFFFFF	1	1	-Inf<thresh<-4.0 FP=12 FN=0	-5 -Inf	-Inf	-5	More
#FFFFFF	0.75	1	-4.0<thresh<-3.2 FP=9 FN=0	-5 -3.5987564321254	-3.5987564321254	-5	More
#FFFFFF	0.666666666666667	1	-3.2<thresh<-2.6 FP=8 FN=0	-5 -2.87110214393305	-2.87110214393305	-5	More
#FFFFFF	0.583333333333333	1	-2.6<thresh<-2.5 FP=7 FN=0	-5 -2.524465240576	-2.524465240576	-5	More
#FFFFFF	0.583333333333333	0.75	-2.5<thresh<-1.0 FP=7 FN=1	-5 -1.7250450381836	-1.7250450381836	-5	More
#FFFFFF	0.5	0.75	-1.0<thresh<1.0 FP=6 FN=1	-5 -0.0126575242852369	-0.0126575242852369	-5	More
#FFFFFF	0.416666666666667	0.75	1.0<thresh<1.6 FP=5 FN=1	-5 1.26988692973461	1.26988692973461	-5	More
#FFFFFF	0.416666666666667	0.5	1.6<thresh<1.9 FP=5 FN=2	-5 1.71885391825865	1.71885391825865	-5	More
#FFFFFF	0.166666666666667	0.5	1.9<thresh<2.6 FP=2 FN=2	-5 2.20830916989523	2.20830916989523	-5	More
#000000	0.0833333333333333	0.5	2.6<thresh<3.3 FP=1 FN=2	-5 2.92562278092917	2.92562278092917	-5	Min
#FFFFFF	0.0833333333333333	0.25	3.3<thresh<4.6 FP=1 FN=3	-5 3.95283511716953	3.95283511716953	-5	More
#000000	0	0.25	4.6<thresh<6.3 FP=0 FN=3	-5 5.45202555736225	5.45202555736225	-5	Min
#FFFFFF	0	0	6.3<thresh<Inf FP=0 FN=4	-5 Inf	Inf	-5	More
#FFFFFF	1	1	-Inf<thresh<-4.0 FP=12 FN=0	-4.8 -Inf	-Inf	-4.8	More
#FFFFFF	0.75	1	-4.0<thresh<-3.2 FP=9 FN=0	-4.8 -3.5987564321254	-3.5987564321254	-4.8	More
#FFFFFF	0.666666666666667	1	-3.2<thresh<-2.6 FP=8 FN=0	-4.8 -2.87110214393305	-2.87110214393305	-4.8	More
#FFFFFF	0.583333333333333	1	-2.6<thresh<-2.5 FP=7 FN=0	-4.8 -2.524465240576	-2.524465240576	-4.8	More
#FFFFFF	0.583333333333333	0.75	-2.5<thresh<-1.0 FP=7 FN=1	-4.8 -1.7250450381836	-1.7250450381836	-4.8	More
#FFFFFF	0.5	0.75	-1.0<thresh<0.8 FP=6 FN=1	-4.8 -0.112657524285237	-0.112657524285237	-4.8	More
#FFFFFF	0.416666666666667	0.75	0.8<thresh<1.6 FP=5 FN=1	-4.8 1.16988692973461	1.16988692973461	-4.8	More
#FFFFFF	0.416666666666667	0.5	1.6<thresh<1.7 FP=5 FN=2	-4.8 1.61885391825865	1.61885391825865	-4.8	More
#FFFFFF	0.166666666666667	0.5	1.7<thresh<2.4 FP=2 FN=2	-4.8 2.00830916989523	2.00830916989523	-4.8	More
#000000	0.0833333333333333	0.5	2.4<thresh<3.1 FP=1 FN=2	-4.8 2.72562278092917	2.72562278092917	-4.8	Min
#FFFFFF	0.0833333333333333	0.25	3.1<thresh<4.4 FP=1 FN=3	-4.8 3.75283511716953	3.75283511716953	-4.8	More
#000000	0	0.25	4.4<thresh<6.1 FP=0 FN=3	-4.8 5.25202555736225	5.25202555736225	-4.8	Min
#FFFFFF	0	0	6.1<thresh<Inf FP=0 FN=4	-4.8 Inf	Inf	-4.8	More
#FFFFFF	1	1	-Inf<thresh<-4.0 FP=12 FN=0	-4.6 -Inf	-Inf	-4.6	More
#FFFFFF	0.75	1	-4.0<thresh<-3.2 FP=9 FN=0	-4.6 -3.5987564321254	-3.5987564321254	-4.6	More
#FFFFFF	0.666666666666667	1	-3.2<thresh<-2.6 FP=8 FN=0	-4.6 -2.87110214393305	-2.87110214393305	-4.6	More
#FFFFFF	0.583333333333333	1	-2.6<thresh<-2.5 FP=7 FN=0	-4.6 -2.524465240576	-2.524465240576	-4.6	More
#FFFFFF	0.583333333333333	0.75	-2.5<thresh<-1.0 FP=7 FN=1	-4.6 -1.7250450381836	-1.7250450381836	-4.6	More
#FFFFFF	0.5	0.75	-1.0<thresh<0.6 FP=6 FN=1	-4.6 -0.212657524285237	-0.212657524285237	-4.6	More
#FFFFFF	0.416666666666667	0.75	0.6<thresh<1.5 FP=5 FN=1	-4.6 1.01295894632013	1.01295894632013	-4.6	More
#000000	0.166666666666667	0.75	1.5<thresh<1.6 FP=2 FN=1	-4.6 1.51885391825865	1.51885391825865	-4.6	Min
#FFFFFF	0.166666666666667	0.5	1.6<thresh<2.2 FP=2 FN=2	-4.6 1.86523715330971	1.86523715330971	-4.6	More
#000000	0.0833333333333333	0.5	2.2<thresh<2.9 FP=1 FN=2	-4.6 2.52562278092917	2.52562278092917	-4.6	Min
#FFFFFF	0.0833333333333333	0.25	2.9<thresh<4.2 FP=1 FN=3	-4.6 3.55283511716953	3.55283511716953	-4.6	More
#000000	0	0.25	4.2<thresh<5.9 FP=0 FN=3	-4.6 5.05202555736225	5.05202555736225	-4.6	Min
#FFFFFF	0	0	5.9<thresh<Inf FP=0 FN=4	-4.6 Inf	Inf	-4.6	More
#FFFFFF	1	1	-Inf<thresh<-4.0 FP=12 FN=0	-4.4 -Inf	-Inf	-4.4	More
#FFFFFF	0.75	1	-4.0<thresh<-3.2 FP=9 FN=0	-4.4 -3.5987564321254	-3.5987564321254	-4.4	More
#FFFFFF	0.666666666666667	1	-3.2<thresh<-2.6 FP=8 FN=0	-4.4 -2.87110214393305	-2.87110214393305	-4.4	More
#FFFFFF	0.583333333333333	1	-2.6<thresh<-2.5 FP=7 FN=0	-4.4 -2.524465240576	-2.524465240576	-4.4	More
#FFFFFF	0.583333333333333	0.75	-2.5<thresh<-1.0 FP=7 FN=1	-4.4 -1.7250450381836	-1.7250450381836	-4.4	More
#FFFFFF	0.5	0.75	-1.0<thresh<0.4 FP=6 FN=1	-4.4 -0.312657524285237	-0.312657524285237	-4.4	More
#FFFFFF	0.416666666666667	0.75	0.4<thresh<1.3 FP=5 FN=1	-4.4 0.812958946320131	0.812958946320131	-4.4	More
#000000	0.166666666666667	0.75	1.3<thresh<1.6 FP=2 FN=1	-4.4 1.41885391825865	1.41885391825865	-4.4	Min
#FFFFFF	0.166666666666667	0.5	1.6<thresh<2.0 FP=2 FN=2	-4.4 1.76523715330971	1.76523715330971	-4.4	More
#000000	0.0833333333333333	0.5	2.0<thresh<2.7 FP=1 FN=2	-4.4 2.32562278092917	2.32562278092917	-4.4	Min
#FFFFFF	0.0833333333333333	0.25	2.7<thresh<4.0 FP=1 FN=3	-4.4 3.35283511716953	3.35283511716953	-4.4	More
#000000	0	0.25	4.0<thresh<5.7 FP=0 FN=3	-4.4 4.85202555736225	4.85202555736225	-4.4	Min
#FFFFFF	0	0	5.7<thresh<Inf FP=0 FN=4	-4.4 Inf	Inf	-4.4	More
#FFFFFF	1	1	-Inf<thresh<-4.0 FP=12 FN=0	-4.2 -Inf	-Inf	-4.2	More
#FFFFFF	0.75	1	-4.0<thresh<-3.2 FP=9 FN=0	-4.2 -3.5987564321254	-3.5987564321254	-4.2	More
#FFFFFF	0.666666666666667	1	-3.2<thresh<-2.6 FP=8 FN=0	-4.2 -2.87110214393305	-2.87110214393305	-4.2	More
#FFFFFF	0.583333333333333	1	-2.6<thresh<-2.5 FP=7 FN=0	-4.2 -2.524465240576	-2.524465240576	-4.2	More
#FFFFFF	0.583333333333333	0.75	-2.5<thresh<-1.0 FP=7 FN=1	-4.2 -1.7250450381836	-1.7250450381836	-4.2	More
#FFFFFF	0.5	0.75	-1.0<thresh<0.2 FP=6 FN=1	-4.2 -0.412657524285237	-0.412657524285237	-4.2	More
#FFFFFF	0.416666666666667	0.75	0.2<thresh<1.1 FP=5 FN=1	-4.2 0.612958946320131	0.612958946320131	-4.2	More
#000000	0.166666666666667	0.75	1.1<thresh<1.6 FP=2 FN=1	-4.2 1.31885391825865	1.31885391825865	-4.2	Min
#FFFFFF	0.166666666666667	0.5	1.6<thresh<1.8 FP=2 FN=2	-4.2 1.66523715330971	1.66523715330971	-4.2	More
#000000	0.0833333333333333	0.5	1.8<thresh<2.5 FP=1 FN=2	-4.2 2.12562278092917	2.12562278092917	-4.2	Min
#FFFFFF	0.0833333333333333	0.25	2.5<thresh<3.8 FP=1 FN=3	-4.2 3.15283511716953	3.15283511716953	-4.2	More
#000000	0	0.25	3.8<thresh<5.5 FP=0 FN=3	-4.2 4.65202555736225	4.65202555736225	-4.2	Min
#FFFFFF	0	0	5.5<thresh<Inf FP=0 FN=4	-4.2 Inf	Inf	-4.2	More
#FFFFFF	1	1	-Inf<thresh<-4.0 FP=12 FN=0	-4 -Inf	-Inf	-4	More
#FFFFFF	0.75	1	-4.0<thresh<-3.2 FP=9 FN=0	-4 -3.5987564321254	-3.5987564321254	-4	More
#FFFFFF	0.666666666666667	1	-3.2<thresh<-2.6 FP=8 FN=0	-4 -2.87110214393305	-2.87110214393305	-4	More
#FFFFFF	0.583333333333333	1	-2.6<thresh<-2.5 FP=7 FN=0	-4 -2.524465240576	-2.524465240576	-4	More
#FFFFFF	0.583333333333333	0.75	-2.5<thresh<-1.0 FP=7 FN=1	-4 -1.7250450381836	-1.7250450381836	-4	More
#FFFFFF	0.5	0.75	-1.0<thresh<-0.0 FP=6 FN=1	-4 -0.512657524285237	-0.512657524285237	-4	More
#FFFFFF	0.416666666666667	0.75	-0.0<thresh<0.9 FP=5 FN=1	-4 0.412958946320131	0.412958946320131	-4	More
#FFFFFF	0.166666666666667	0.75	0.9<thresh<1.6 FP=2 FN=1	-4 1.20830916989523	1.20830916989523	-4	More
#000000	0.0833333333333333	0.75	1.6<thresh<1.6 FP=1 FN=1	-4 1.56523715330971	1.56523715330971	-4	Min
#FFFFFF	0.0833333333333333	0.5	1.6<thresh<2.3 FP=1 FN=2	-4 1.9361675292926	1.9361675292926	-4	More
#FFFFFF	0.0833333333333333	0.25	2.3<thresh<3.6 FP=1 FN=3	-4 2.95283511716953	2.95283511716953	-4	More
#FFFFFF	0	0.25	3.6<thresh<5.3 FP=0 FN=3	-4 4.45202555736225	4.45202555736225	-4	More
#FFFFFF	0	0	5.3<thresh<Inf FP=0 FN=4	-4 Inf	Inf	-4	More
#FFFFFF	1	1	-Inf<thresh<-4.0 FP=12 FN=0	-3.8 -Inf	-Inf	-3.8	More
#FFFFFF	0.75	1	-4.0<thresh<-3.2 FP=9 FN=0	-3.8 -3.5987564321254	-3.5987564321254	-3.8	More
#FFFFFF	0.666666666666667	1	-3.2<thresh<-2.6 FP=8 FN=0	-3.8 -2.87110214393305	-2.87110214393305	-3.8	More
#FFFFFF	0.583333333333333	1	-2.6<thresh<-2.5 FP=7 FN=0	-3.8 -2.524465240576	-2.524465240576	-3.8	More
#FFFFFF	0.583333333333333	0.75	-2.5<thresh<-1.0 FP=7 FN=1	-3.8 -1.7250450381836	-1.7250450381836	-3.8	More
#FFFFFF	0.5	0.75	-1.0<thresh<-0.2 FP=6 FN=1	-3.8 -0.612657524285237	-0.612657524285237	-3.8	More
#FFFFFF	0.416666666666667	0.75	-0.2<thresh<0.7 FP=5 FN=1	-3.8 0.212958946320131	0.212958946320131	-3.8	More
#FFFFFF	0.166666666666667	0.75	0.7<thresh<1.4 FP=2 FN=1	-3.8 1.00830916989523	1.00830916989523	-3.8	More
#000000	0.0833333333333333	0.75	1.4<thresh<1.6 FP=1 FN=1	-3.8 1.46523715330971	1.46523715330971	-3.8	Min
#FFFFFF	0.0833333333333333	0.5	1.6<thresh<2.1 FP=1 FN=2	-3.8 1.8361675292926	1.8361675292926	-3.8	More
#FFFFFF	0.0833333333333333	0.25	2.1<thresh<3.4 FP=1 FN=3	-3.8 2.75283511716953	2.75283511716953	-3.8	More
#FFFFFF	0	0.25	3.4<thresh<5.1 FP=0 FN=3	-3.8 4.25202555736225	4.25202555736225	-3.8	More
#FFFFFF	0	0	5.1<thresh<Inf FP=0 FN=4	-3.8 Inf	Inf	-3.8	More
#FFFFFF	1	1	-Inf<thresh<-4.0 FP=12 FN=0	-3.6 -Inf	-Inf	-3.6	More
#FFFFFF	0.75	1	-4.0<thresh<-3.2 FP=9 FN=0	-3.6 -3.5987564321254	-3.5987564321254	-3.6	More
#FFFFFF	0.666666666666667	1	-3.2<thresh<-2.6 FP=8 FN=0	-3.6 -2.87110214393305	-2.87110214393305	-3.6	More
#FFFFFF	0.583333333333333	1	-2.6<thresh<-2.5 FP=7 FN=0	-3.6 -2.524465240576	-2.524465240576	-3.6	More
#FFFFFF	0.583333333333333	0.75	-2.5<thresh<-1.0 FP=7 FN=1	-3.6 -1.7250450381836	-1.7250450381836	-3.6	More
#FFFFFF	0.5	0.75	-1.0<thresh<-0.4 FP=6 FN=1	-3.6 -0.712657524285237	-0.712657524285237	-3.6	More
#FFFFFF	0.416666666666667	0.75	-0.4<thresh<0.5 FP=5 FN=1	-3.6 0.0129589463201305	0.0129589463201305	-3.6	More
#FFFFFF	0.166666666666667	0.75	0.5<thresh<1.2 FP=2 FN=1	-3.6 0.808309169895229	0.808309169895229	-3.6	More
#000000	0.0833333333333333	0.75	1.2<thresh<1.6 FP=1 FN=1	-3.6 1.36523715330971	1.36523715330971	-3.6	Min
#FFFFFF	0.0833333333333333	0.5	1.6<thresh<1.9 FP=1 FN=2	-3.6 1.7361675292926	1.7361675292926	-3.6	More
#FFFFFF	0.0833333333333333	0.25	1.9<thresh<3.2 FP=1 FN=3	-3.6 2.55283511716953	2.55283511716953	-3.6	More
#FFFFFF	0	0.25	3.2<thresh<4.9 FP=0 FN=3	-3.6 4.05202555736225	4.05202555736225	-3.6	More
#FFFFFF	0	0	4.9<thresh<Inf FP=0 FN=4	-3.6 Inf	Inf	-3.6	More
#FFFFFF	1	1	-Inf<thresh<-4.0 FP=12 FN=0	-3.4 -Inf	-Inf	-3.4	More
#FFFFFF	0.75	1	-4.0<thresh<-3.2 FP=9 FN=0	-3.4 -3.5987564321254	-3.5987564321254	-3.4	More
#FFFFFF	0.666666666666667	1	-3.2<thresh<-2.6 FP=8 FN=0	-3.4 -2.87110214393305	-2.87110214393305	-3.4	More
#FFFFFF	0.583333333333333	1	-2.6<thresh<-2.5 FP=7 FN=0	-3.4 -2.524465240576	-2.524465240576	-3.4	More
#FFFFFF	0.583333333333333	0.75	-2.5<thresh<-1.0 FP=7 FN=1	-3.4 -1.7250450381836	-1.7250450381836	-3.4	More
#FFFFFF	0.5	0.75	-1.0<thresh<-0.6 FP=6 FN=1	-3.4 -0.812657524285237	-0.812657524285237	-3.4	More
#FFFFFF	0.416666666666667	0.75	-0.6<thresh<0.3 FP=5 FN=1	-3.4 -0.187041053679869	-0.187041053679869	-3.4	More
#FFFFFF	0.166666666666667	0.75	0.3<thresh<1.0 FP=2 FN=1	-3.4 0.60830916989523	0.60830916989523	-3.4	More
#000000	0.0833333333333333	0.75	1.0<thresh<1.6 FP=1 FN=1	-3.4 1.26523715330971	1.26523715330971	-3.4	Min
#FFFFFF	0.0833333333333333	0.5	1.6<thresh<1.7 FP=1 FN=2	-3.4 1.6361675292926	1.6361675292926	-3.4	More
#FFFFFF	0.0833333333333333	0.25	1.7<thresh<3.0 FP=1 FN=3	-3.4 2.35283511716953	2.35283511716953	-3.4	More
#FFFFFF	0	0.25	3.0<thresh<4.7 FP=0 FN=3	-3.4 3.85202555736225	3.85202555736225	-3.4	More
#FFFFFF	0	0	4.7<thresh<Inf FP=0 FN=4	-3.4 Inf	Inf	-3.4	More
#FFFFFF	1	1	-Inf<thresh<-4.0 FP=12 FN=0	-3.2 -Inf	-Inf	-3.2	More
#FFFFFF	0.75	1	-4.0<thresh<-3.2 FP=9 FN=0	-3.2 -3.5987564321254	-3.5987564321254	-3.2	More
#FFFFFF	0.666666666666667	1	-3.2<thresh<-2.6 FP=8 FN=0	-3.2 -2.87110214393305	-2.87110214393305	-3.2	More
#FFFFFF	0.583333333333333	1	-2.6<thresh<-2.5 FP=7 FN=0	-3.2 -2.524465240576	-2.524465240576	-3.2	More
#FFFFFF	0.583333333333333	0.75	-2.5<thresh<-1.0 FP=7 FN=1	-3.2 -1.7250450381836	-1.7250450381836	-3.2	More
#FFFFFF	0.5	0.75	-1.0<thresh<-0.8 FP=6 FN=1	-3.2 -0.912657524285237	-0.912657524285237	-3.2	More
#FFFFFF	0.416666666666667	0.75	-0.8<thresh<0.1 FP=5 FN=1	-3.2 -0.387041053679869	-0.387041053679869	-3.2	More
#FFFFFF	0.166666666666667	0.75	0.1<thresh<0.8 FP=2 FN=1	-3.2 0.40830916989523	0.408309169895229	-3.2	More
#000000	0.0833333333333333	0.75	0.8<thresh<1.5 FP=1 FN=1	-3.2 1.12562278092917	1.12562278092917	-3.2	Min
#FFFFFF	0.0833333333333333	0.5	1.5<thresh<1.6 FP=1 FN=2	-3.2 1.5361675292926	1.5361675292926	-3.2	More
#FFFFFF	0.0833333333333333	0.25	1.6<thresh<2.8 FP=1 FN=3	-3.2 2.19244948955007	2.19244948955007	-3.2	More
#FFFFFF	0	0.25	2.8<thresh<4.5 FP=0 FN=3	-3.2 3.65202555736225	3.65202555736225	-3.2	More
#FFFFFF	0	0	4.5<thresh<Inf FP=0 FN=4	-3.2 Inf	Inf	-3.2	More
#FFFFFF	1	1	-Inf<thresh<-4.0 FP=12 FN=0	-3 -Inf	-Inf	-3	More
#FFFFFF	0.75	1	-4.0<thresh<-3.2 FP=9 FN=0	-3 -3.5987564321254	-3.5987564321254	-3	More
#FFFFFF	0.666666666666667	1	-3.2<thresh<-2.6 FP=8 FN=0	-3 -2.87110214393305	-2.87110214393305	-3	More
#FFFFFF	0.583333333333333	1	-2.6<thresh<-2.5 FP=7 FN=0	-3 -2.524465240576	-2.524465240576	-3	More
#FFFFFF	0.583333333333333	0.75	-2.5<thresh<-1.0 FP=7 FN=1	-3 -1.74839555610227	-1.74839555610227	-3	More
#FFFFFF	0.5	0.75	-1.0<thresh<-1.0 FP=6 FN=1	-3 -1.01265752428524	-1.01265752428524	-3	More
#FFFFFF	0.416666666666667	0.75	-1.0<thresh<-0.1 FP=5 FN=1	-3 -0.563690535761193	-0.563690535761193	-3	More
#FFFFFF	0.166666666666667	0.75	-0.1<thresh<0.6 FP=2 FN=1	-3 0.208309169895229	0.208309169895229	-3	More
#000000	0.0833333333333333	0.75	0.6<thresh<1.3 FP=1 FN=1	-3 0.925622780929171	0.925622780929171	-3	Min
#FFFFFF	0.0833333333333333	0.5	1.3<thresh<1.6 FP=1 FN=2	-3 1.4361675292926	1.4361675292926	-3	More
#FFFFFF	0.0833333333333333	0.25	1.6<thresh<2.6 FP=1 FN=3	-3 2.09244948955007	2.09244948955007	-3	More
#FFFFFF	0	0.25	2.6<thresh<4.3 FP=0 FN=3	-3 3.45202555736225	3.45202555736225	-3	More
#FFFFFF	0	0	4.3<thresh<Inf FP=0 FN=4	-3 Inf	Inf	-3	More
#FFFFFF	1	1	-Inf<thresh<-4.0 FP=12 FN=0	-2.8 -Inf	-Inf	-2.8	More
#FFFFFF	0.75	1	-4.0<thresh<-3.2 FP=9 FN=0	-2.8 -3.5987564321254	-3.5987564321254	-2.8	More
#FFFFFF	0.666666666666667	1	-3.2<thresh<-2.6 FP=8 FN=0	-2.8 -2.87110214393305	-2.87110214393305	-2.8	More
#FFFFFF	0.583333333333333	1	-2.6<thresh<-2.5 FP=7 FN=0	-2.8 -2.524465240576	-2.524465240576	-2.8	More
#FFFFFF	0.583333333333333	0.75	-2.5<thresh<-1.2 FP=7 FN=1	-2.8 -1.84839555610227	-1.84839555610227	-2.8	More
#FFFFFF	0.5	0.75	-1.2<thresh<-1.0 FP=6 FN=1	-2.8 -1.11265752428524	-1.11265752428524	-2.8	More
#FFFFFF	0.416666666666667	0.75	-1.0<thresh<-0.3 FP=5 FN=1	-2.8 -0.663690535761193	-0.663690535761193	-2.8	More
#FFFFFF	0.166666666666667	0.75	-0.3<thresh<0.4 FP=2 FN=1	-2.8 0.00830916989522912	0.00830916989522912	-2.8	More
#000000	0.0833333333333333	0.75	0.4<thresh<1.1 FP=1 FN=1	-2.8 0.725622780929171	0.725622780929171	-2.8	Min
#FFFFFF	0.0833333333333333	0.5	1.1<thresh<1.6 FP=1 FN=2	-2.8 1.3361675292926	1.3361675292926	-2.8	More
#FFFFFF	0.0833333333333333	0.25	1.6<thresh<2.4 FP=1 FN=3	-2.8 1.99244948955007	1.99244948955007	-2.8	More
#FFFFFF	0	0.25	2.4<thresh<4.1 FP=0 FN=3	-2.8 3.25202555736225	3.25202555736225	-2.8	More
#FFFFFF	0	0	4.1<thresh<Inf FP=0 FN=4	-2.8 Inf	Inf	-2.8	More
#FFFFFF	1	1	-Inf<thresh<-4.0 FP=12 FN=0	-2.6 -Inf	-Inf	-2.6	More
#FFFFFF	0.75	1	-4.0<thresh<-3.2 FP=9 FN=0	-2.6 -3.5987564321254	-3.5987564321254	-2.6	More
#FFFFFF	0.666666666666667	1	-3.2<thresh<-2.6 FP=8 FN=0	-2.6 -2.87110214393305	-2.87110214393305	-2.6	More
#FFFFFF	0.583333333333333	1	-2.6<thresh<-2.5 FP=7 FN=0	-2.6 -2.524465240576	-2.524465240576	-2.6	More
#FFFFFF	0.583333333333333	0.75	-2.5<thresh<-1.4 FP=7 FN=1	-2.6 -1.94839555610227	-1.94839555610227	-2.6	More
#FFFFFF	0.5	0.75	-1.4<thresh<-1.0 FP=6 FN=1	-2.6 -1.21265752428524	-1.21265752428524	-2.6	More
#FFFFFF	0.416666666666667	0.75	-1.0<thresh<-0.5 FP=5 FN=1	-2.6 -0.763690535761193	-0.763690535761193	-2.6	More
#FFFFFF	0.166666666666667	0.75	-0.5<thresh<0.2 FP=2 FN=1	-2.6 -0.191690830104771	-0.191690830104771	-2.6	More
#000000	0.0833333333333333	0.75	0.2<thresh<0.9 FP=1 FN=1	-2.6 0.52562278092917	0.525622780929171	-2.6	Min
#FFFFFF	0.0833333333333333	0.5	0.9<thresh<1.6 FP=1 FN=2	-2.6 1.2361675292926	1.2361675292926	-2.6	More
#FFFFFF	0.0833333333333333	0.25	1.6<thresh<2.2 FP=1 FN=3	-2.6 1.89244948955007	1.89244948955007	-2.6	More
#FFFFFF	0	0.25	2.2<thresh<3.9 FP=0 FN=3	-2.6 3.05202555736225	3.05202555736225	-2.6	More
#FFFFFF	0	0	3.9<thresh<Inf FP=0 FN=4	-2.6 Inf	Inf	-2.6	More
#FFFFFF	1	1	-Inf<thresh<-4.0 FP=12 FN=0	-2.4 -Inf	-Inf	-2.4	More
#FFFFFF	0.75	1	-4.0<thresh<-3.2 FP=9 FN=0	-2.4 -3.5987564321254	-3.5987564321254	-2.4	More
#FFFFFF	0.666666666666667	1	-3.2<thresh<-2.6 FP=8 FN=0	-2.4 -2.87110214393305	-2.87110214393305	-2.4	More
#FFFFFF	0.583333333333333	1	-2.6<thresh<-2.5 FP=7 FN=0	-2.4 -2.524465240576	-2.524465240576	-2.4	More
#FFFFFF	0.583333333333333	0.75	-2.5<thresh<-1.6 FP=7 FN=1	-2.4 -2.04839555610227	-2.04839555610227	-2.4	More
#FFFFFF	0.5	0.75	-1.6<thresh<-1.0 FP=6 FN=1	-2.4 -1.31265752428524	-1.31265752428524	-2.4	More
#FFFFFF	0.416666666666667	0.75	-1.0<thresh<-0.7 FP=5 FN=1	-2.4 -0.863690535761193	-0.863690535761193	-2.4	More
#FFFFFF	0.166666666666667	0.75	-0.7<thresh<-0.0 FP=2 FN=1	-2.4 -0.39169083010477	-0.39169083010477	-2.4	More
#000000	0.0833333333333333	0.75	-0.0<thresh<0.7 FP=1 FN=1	-2.4 0.325622780929171	0.325622780929171	-2.4	Min
#FFFFFF	0.0833333333333333	0.5	0.7<thresh<1.6 FP=1 FN=2	-2.4 1.1361675292926	1.1361675292926	-2.4	More
#FFFFFF	0.0833333333333333	0.25	1.6<thresh<2.0 FP=1 FN=3	-2.4 1.79244948955007	1.79244948955007	-2.4	More
#FFFFFF	0	0.25	2.0<thresh<3.7 FP=0 FN=3	-2.4 2.85202555736225	2.85202555736225	-2.4	More
#FFFFFF	0	0	3.7<thresh<Inf FP=0 FN=4	-2.4 Inf	Inf	-2.4	More
#FFFFFF	1	1	-Inf<thresh<-4.0 FP=12 FN=0	-2.2 -Inf	-Inf	-2.2	More
#FFFFFF	0.75	1	-4.0<thresh<-3.2 FP=9 FN=0	-2.2 -3.5987564321254	-3.5987564321254	-2.2	More
#FFFFFF	0.666666666666667	1	-3.2<thresh<-2.6 FP=8 FN=0	-2.2 -2.87110214393305	-2.87110214393305	-2.2	More
#FFFFFF	0.583333333333333	1	-2.6<thresh<-2.5 FP=7 FN=0	-2.2 -2.524465240576	-2.524465240576	-2.2	More
#FFFFFF	0.583333333333333	0.75	-2.5<thresh<-1.8 FP=7 FN=1	-2.2 -2.14839555610227	-2.14839555610227	-2.2	More
#FFFFFF	0.5	0.75	-1.8<thresh<-1.0 FP=6 FN=1	-2.2 -1.41265752428524	-1.41265752428524	-2.2	More
#FFFFFF	0.416666666666667	0.75	-1.0<thresh<-0.9 FP=5 FN=1	-2.2 -0.963690535761193	-0.963690535761193	-2.2	More
#FFFFFF	0.166666666666667	0.75	-0.9<thresh<-0.2 FP=2 FN=1	-2.2 -0.591690830104771	-0.591690830104771	-2.2	More
#000000	0.0833333333333333	0.75	-0.2<thresh<0.5 FP=1 FN=1	-2.2 0.12562278092917	0.12562278092917	-2.2	Min
#FFFFFF	0.0833333333333333	0.5	0.5<thresh<1.6 FP=1 FN=2	-2.2 1.0361675292926	1.0361675292926	-2.2	More
#FFFFFF	0.0833333333333333	0.25	1.6<thresh<1.8 FP=1 FN=3	-2.2 1.69244948955007	1.69244948955007	-2.2	More
#FFFFFF	0	0.25	1.8<thresh<3.5 FP=0 FN=3	-2.2 2.65202555736225	2.65202555736225	-2.2	More
#FFFFFF	0	0	3.5<thresh<Inf FP=0 FN=4	-2.2 Inf	Inf	-2.2	More
#FFFFFF	1	1	-Inf<thresh<-4.0 FP=12 FN=0	-2 -Inf	-Inf	-2	More
#FFFFFF	0.75	1	-4.0<thresh<-3.2 FP=9 FN=0	-2 -3.5987564321254	-3.5987564321254	-2	More
#FFFFFF	0.666666666666667	1	-3.2<thresh<-2.6 FP=8 FN=0	-2 -2.87110214393305	-2.87110214393305	-2	More
#FFFFFF	0.583333333333333	1	-2.6<thresh<-2.5 FP=7 FN=0	-2 -2.524465240576	-2.524465240576	-2	More
#FFFFFF	0.583333333333333	0.75	-2.5<thresh<-2.0 FP=7 FN=1	-2 -2.24839555610227	-2.24839555610227	-2	More
#FFFFFF	0.5	0.75	-2.0<thresh<-1.1 FP=6 FN=1	-2 -1.58704105367987	-1.58704105367987	-2	More
#FFFFFF	0.25	0.75	-1.1<thresh<-1.0 FP=3 FN=1	-2 -1.06369053576119	-1.06369053576119	-2	More
#FFFFFF	0.166666666666667	0.75	-1.0<thresh<-0.4 FP=2 FN=1	-2 -0.717307300710138	-0.717307300710139	-2	More
#000000	0.0833333333333333	0.75	-0.4<thresh<0.3 FP=1 FN=1	-2 -0.0743772190708292	-0.0743772190708292	-2	Min
#FFFFFF	0.0833333333333333	0.5	0.3<thresh<1.6 FP=1 FN=2	-2 0.936167529292596	0.936167529292596	-2	More
#FFFFFF	0.0833333333333333	0.25	1.6<thresh<1.6 FP=1 FN=3	-2 1.59244948955007	1.59244948955007	-2	More
#FFFFFF	0	0.25	1.6<thresh<3.3 FP=0 FN=3	-2 2.45202555736225	2.45202555736225	-2	More
#FFFFFF	0	0	3.3<thresh<Inf FP=0 FN=4	-2 Inf	Inf	-2	More
#FFFFFF	1	1	-Inf<thresh<-4.0 FP=12 FN=0	-1.8 -Inf	-Inf	-1.8	More
#FFFFFF	0.75	1	-4.0<thresh<-3.2 FP=9 FN=0	-1.8 -3.5987564321254	-3.5987564321254	-1.8	More
#FFFFFF	0.666666666666667	1	-3.2<thresh<-2.6 FP=8 FN=0	-1.8 -2.87110214393305	-2.87110214393305	-1.8	More
#FFFFFF	0.583333333333333	1	-2.6<thresh<-2.5 FP=7 FN=0	-1.8 -2.524465240576	-2.524465240576	-1.8	More
#FFFFFF	0.583333333333333	0.75	-2.5<thresh<-2.2 FP=7 FN=1	-1.8 -2.34839555610227	-2.34839555610227	-1.8	More
#FFFFFF	0.5	0.75	-2.2<thresh<-1.3 FP=6 FN=1	-1.8 -1.78704105367987	-1.78704105367987	-1.8	More
#FFFFFF	0.25	0.75	-1.3<thresh<-1.0 FP=3 FN=1	-1.8 -1.16369053576119	-1.16369053576119	-1.8	More
#FFFFFF	0.166666666666667	0.75	-1.0<thresh<-0.6 FP=2 FN=1	-1.8 -0.817307300710138	-0.817307300710138	-1.8	More
#000000	0.0833333333333333	0.75	-0.6<thresh<0.1 FP=1 FN=1	-1.8 -0.274377219070828	-0.274377219070828	-1.8	Min
#FFFFFF	0.0833333333333333	0.5	0.1<thresh<1.4 FP=1 FN=2	-1.8 0.752835117169532	0.752835117169532	-1.8	More
#000000	0	0.5	1.4<thresh<1.6 FP=0 FN=2	-1.8 1.49244948955007	1.49244948955007	-1.8	Min
#FFFFFF	0	0.25	1.6<thresh<3.1 FP=0 FN=3	-1.8 2.33535796948531	2.33535796948531	-1.8	More
#FFFFFF	0	0	3.1<thresh<Inf FP=0 FN=4	-1.8 Inf	Inf	-1.8	More
#FFFFFF	1	1	-Inf<thresh<-4.0 FP=12 FN=0	-1.6 -Inf	-Inf	-1.6	More
#FFFFFF	0.75	1	-4.0<thresh<-3.2 FP=9 FN=0	-1.6 -3.5987564321254	-3.5987564321254	-1.6	More
#FFFFFF	0.666666666666667	1	-3.2<thresh<-2.6 FP=8 FN=0	-1.6 -2.87110214393305	-2.87110214393305	-1.6	More
#FFFFFF	0.583333333333333	1	-2.6<thresh<-2.5 FP=7 FN=0	-1.6 -2.524465240576	-2.524465240576	-1.6	More
#FFFFFF	0.583333333333333	0.75	-2.5<thresh<-2.4 FP=7 FN=1	-1.6 -2.44839555610227	-2.44839555610227	-1.6	More
#FFFFFF	0.5	0.75	-2.4<thresh<-1.5 FP=6 FN=1	-1.6 -1.98704105367987	-1.98704105367987	-1.6	More
#FFFFFF	0.25	0.75	-1.5<thresh<-1.0 FP=3 FN=1	-1.6 -1.26369053576119	-1.26369053576119	-1.6	More
#FFFFFF	0.166666666666667	0.75	-1.0<thresh<-0.8 FP=2 FN=1	-1.6 -0.917307300710139	-0.917307300710139	-1.6	More
#000000	0.0833333333333333	0.75	-0.8<thresh<-0.1 FP=1 FN=1	-1.6 -0.47437721907083	-0.47437721907083	-1.6	Min
#FFFFFF	0.0833333333333333	0.5	-0.1<thresh<1.2 FP=1 FN=2	-1.6 0.552835117169531	0.552835117169531	-1.6	More
#000000	0	0.5	1.2<thresh<1.6 FP=0 FN=2	-1.6 1.39244948955007	1.39244948955007	-1.6	Min
#FFFFFF	0	0.25	1.6<thresh<2.9 FP=0 FN=3	-1.6 2.23535796948531	2.23535796948531	-1.6	More
#FFFFFF	0	0	2.9<thresh<Inf FP=0 FN=4	-1.6 Inf	Inf	-1.6	More
#FFFFFF	1	1	-Inf<thresh<-4.0 FP=12 FN=0	-1.4 -Inf	-Inf	-1.4	More
#FFFFFF	0.75	1	-4.0<thresh<-3.2 FP=9 FN=0	-1.4 -3.5987564321254	-3.5987564321254	-1.4	More
#FFFFFF	0.666666666666667	1	-3.2<thresh<-2.6 FP=8 FN=0	-1.4 -2.89503245945932	-2.89503245945932	-1.4	More
#FFFFFF	0.583333333333333	1	-2.6<thresh<-2.6 FP=7 FN=0	-1.4 -2.61207772667764	-2.61207772667764	-1.4	More
#FFFFFF	0.5	1	-2.6<thresh<-2.5 FP=6 FN=0	-1.4 -2.524465240576	-2.524465240576	-1.4	More
#FFFFFF	0.5	0.75	-2.5<thresh<-1.7 FP=6 FN=1	-1.4 -2.09942856757823	-2.09942856757823	-1.4	More
#FFFFFF	0.25	0.75	-1.7<thresh<-1.0 FP=3 FN=1	-1.4 -1.39169083010477	-1.39169083010477	-1.4	More
#FFFFFF	0.166666666666667	0.75	-1.0<thresh<-1.0 FP=2 FN=1	-1.4 -1.01730730071014	-1.01730730071014	-1.4	More
#000000	0.0833333333333333	0.75	-1.0<thresh<-0.3 FP=1 FN=1	-1.4 -0.646376924727251	-0.646376924727251	-1.4	Min
#FFFFFF	0.0833333333333333	0.5	-0.3<thresh<1.0 FP=1 FN=2	-1.4 0.352835117169532	0.352835117169532	-1.4	More
#000000	0	0.5	1.0<thresh<1.6 FP=0 FN=2	-1.4 1.29244948955007	1.29244948955007	-1.4	Min
#FFFFFF	0	0.25	1.6<thresh<2.7 FP=0 FN=3	-1.4 2.13535796948531	2.13535796948531	-1.4	More
#FFFFFF	0	0	2.7<thresh<Inf FP=0 FN=4	-1.4 Inf	Inf	-1.4	More
#FFFFFF	1	1	-Inf<thresh<-4.0 FP=12 FN=0	-1.2 -Inf	-Inf	-1.2	More
#FFFFFF	0.75	1	-4.0<thresh<-3.2 FP=9 FN=0	-1.2 -3.5987564321254	-3.5987564321254	-1.2	More
#FFFFFF	0.666666666666667	1	-3.2<thresh<-2.8 FP=8 FN=0	-1.2 -2.99503245945932	-2.99503245945932	-1.2	More
#FFFFFF	0.583333333333333	1	-2.8<thresh<-2.6 FP=7 FN=0	-1.2 -2.71207772667764	-2.71207772667764	-1.2	More
#FFFFFF	0.5	1	-2.6<thresh<-2.5 FP=6 FN=0	-1.2 -2.524465240576	-2.524465240576	-1.2	More
#FFFFFF	0.5	0.75	-2.5<thresh<-1.9 FP=6 FN=1	-1.2 -2.19942856757823	-2.19942856757823	-1.2	More
#FFFFFF	0.25	0.75	-1.9<thresh<-1.2 FP=3 FN=1	-1.2 -1.59169083010477	-1.59169083010477	-1.2	More
#FFFFFF	0.166666666666667	0.75	-1.2<thresh<-1.0 FP=2 FN=1	-1.2 -1.11730730071014	-1.11730730071014	-1.2	More
#000000	0.0833333333333333	0.75	-1.0<thresh<-0.5 FP=1 FN=1	-1.2 -0.746376924727252	-0.746376924727252	-1.2	Min
#FFFFFF	0.0833333333333333	0.5	-0.5<thresh<0.8 FP=1 FN=2	-1.2 0.152835117169531	0.152835117169531	-1.2	More
#000000	0	0.5	0.8<thresh<1.6 FP=0 FN=2	-1.2 1.19244948955007	1.19244948955007	-1.2	Min
#FFFFFF	0	0.25	1.6<thresh<2.5 FP=0 FN=3	-1.2 2.03535796948531	2.03535796948531	-1.2	More
#FFFFFF	0	0	2.5<thresh<Inf FP=0 FN=4	-1.2 Inf	Inf	-1.2	More
#FFFFFF	1	1	-Inf<thresh<-4.0 FP=12 FN=0	-1 -Inf	-Inf	-1	More
#FFFFFF	0.75	1	-4.0<thresh<-3.2 FP=9 FN=0	-1 -3.5987564321254	-3.5987564321254	-1	More
#FFFFFF	0.666666666666667	1	-3.2<thresh<-3.0 FP=8 FN=0	-1 -3.09503245945932	-3.09503245945932	-1	More
#FFFFFF	0.583333333333333	1	-3.0<thresh<-2.6 FP=7 FN=0	-1 -2.81207772667764	-2.81207772667764	-1	More
#FFFFFF	0.5	1	-2.6<thresh<-2.5 FP=6 FN=0	-1 -2.524465240576	-2.524465240576	-1	More
#FFFFFF	0.5	0.75	-2.5<thresh<-2.1 FP=6 FN=1	-1 -2.29942856757823	-2.29942856757823	-1	More
#FFFFFF	0.25	0.75	-2.1<thresh<-1.4 FP=3 FN=1	-1 -1.79169083010477	-1.79169083010477	-1	More
#FFFFFF	0.166666666666667	0.75	-1.4<thresh<-1.0 FP=2 FN=1	-1 -1.21730730071014	-1.21730730071014	-1	More
#000000	0.0833333333333333	0.75	-1.0<thresh<-0.7 FP=1 FN=1	-1 -0.846376924727251	-0.846376924727252	-1	Min
#FFFFFF	0.0833333333333333	0.5	-0.7<thresh<0.6 FP=1 FN=2	-1 -0.0471648828304687	-0.0471648828304687	-1	More
#000000	0	0.5	0.6<thresh<1.6 FP=0 FN=2	-1 1.09244948955007	1.09244948955007	-1	Min
#FFFFFF	0	0.25	1.6<thresh<2.3 FP=0 FN=3	-1 1.93535796948531	1.93535796948531	-1	More
#FFFFFF	0	0	2.3<thresh<Inf FP=0 FN=4	-1 Inf	Inf	-1	More
#FFFFFF	1	1	-Inf<thresh<-4.0 FP=12 FN=0	-0.8 -Inf	-Inf	-0.8	More
#FFFFFF	0.75	1	-4.0<thresh<-3.2 FP=9 FN=0	-0.8 -3.63973201486999	-3.63973201486999	-0.8	More
#FFFFFF	0.666666666666667	1	-3.2<thresh<-3.2 FP=8 FN=0	-0.8 -3.19503245945932	-3.19503245945932	-0.8	More
#FFFFFF	0.583333333333333	1	-3.2<thresh<-2.6 FP=7 FN=0	-0.8 -2.87110214393305	-2.87110214393305	-0.8	More
#FFFFFF	0.5	1	-2.6<thresh<-2.5 FP=6 FN=0	-0.8 -2.524465240576	-2.524465240576	-0.8	More
#FFFFFF	0.5	0.75	-2.5<thresh<-2.3 FP=6 FN=1	-0.8 -2.39942856757823	-2.39942856757823	-0.8	More
#FFFFFF	0.25	0.75	-2.3<thresh<-1.6 FP=3 FN=1	-0.8 -1.99169083010477	-1.99169083010477	-0.8	More
#FFFFFF	0.166666666666667	0.75	-1.6<thresh<-1.0 FP=2 FN=1	-0.8 -1.31730730071014	-1.31730730071014	-0.8	More
#000000	0.0833333333333333	0.75	-1.0<thresh<-0.9 FP=1 FN=1	-0.8 -0.946376924727251	-0.946376924727251	-0.8	Min
#FFFFFF	0.0833333333333333	0.5	-0.9<thresh<0.4 FP=1 FN=2	-0.8 -0.247164882830468	-0.247164882830468	-0.8	More
#000000	0	0.5	0.4<thresh<1.6 FP=0 FN=2	-0.8 0.99244948955007	0.99244948955007	-0.8	Min
#FFFFFF	0	0.25	1.6<thresh<2.1 FP=0 FN=3	-0.8 1.83535796948531	1.83535796948531	-0.8	More
#FFFFFF	0	0	2.1<thresh<Inf FP=0 FN=4	-0.8 Inf	Inf	-0.8	More
#FFFFFF	1	1	-Inf<thresh<-4.0 FP=12 FN=0	-0.6 -Inf	-Inf	-0.6	More
#FFFFFF	0.75	1	-4.0<thresh<-3.4 FP=9 FN=0	-0.6 -3.73973201486999	-3.73973201486999	-0.6	More
#FFFFFF	0.666666666666667	1	-3.4<thresh<-3.2 FP=8 FN=0	-0.6 -3.29503245945932	-3.29503245945932	-0.6	More
#FFFFFF	0.583333333333333	1	-3.2<thresh<-2.6 FP=7 FN=0	-0.6 -2.87110214393305	-2.87110214393305	-0.6	More
#FFFFFF	0.5	1	-2.6<thresh<-2.5 FP=6 FN=0	-0.6 -2.5631107381536	-2.5631107381536	-0.6	More
#FFFFFF	0.25	1	-2.5<thresh<-2.5 FP=3 FN=0	-0.6 -2.49942856757823	-2.49942856757823	-0.6	More
#FFFFFF	0.25	0.75	-2.5<thresh<-1.8 FP=3 FN=1	-0.6 -2.15304533252717	-2.15304533252717	-0.6	More
#FFFFFF	0.166666666666667	0.75	-1.8<thresh<-1.1 FP=2 FN=1	-0.6 -1.47437721907083	-1.47437721907083	-0.6	More
#FFFFFF	0.166666666666667	0.5	-1.1<thresh<-1.0 FP=2 FN=2	-0.6 -1.04637692472725	-1.04637692472725	-0.6	More
#FFFFFF	0.0833333333333333	0.5	-1.0<thresh<0.2 FP=1 FN=2	-0.6 -0.390094964469778	-0.390094964469778	-0.6	More
#000000	0	0.5	0.2<thresh<1.6 FP=0 FN=2	-0.6 0.892449489550069	0.892449489550069	-0.6	Min
#FFFFFF	0	0.25	1.6<thresh<1.9 FP=0 FN=3	-0.6 1.73535796948531	1.73535796948531	-0.6	More
#FFFFFF	0	0	1.9<thresh<Inf FP=0 FN=4	-0.6 Inf	Inf	-0.6	More
#FFFFFF	1	1	-Inf<thresh<-4.0 FP=12 FN=0	-0.399999999999999 -Inf	-Inf	-0.399999999999999	More
#FFFFFF	0.75	1	-4.0<thresh<-3.6 FP=9 FN=0	-0.399999999999999 -3.83973201486999	-3.83973201486999	-0.399999999999999	More
#FFFFFF	0.666666666666667	1	-3.6<thresh<-3.2 FP=8 FN=0	-0.399999999999999 -3.39503245945932	-3.39503245945932	-0.399999999999999	More
#FFFFFF	0.583333333333333	1	-3.2<thresh<-2.7 FP=7 FN=0	-0.399999999999999 -2.94606547093528	-2.94606547093528	-0.399999999999999	More
#FFFFFF	0.333333333333333	1	-2.7<thresh<-2.6 FP=4 FN=0	-0.399999999999999 -2.6631107381536	-2.6631107381536	-0.399999999999999	More
#FFFFFF	0.25	1	-2.6<thresh<-2.5 FP=3 FN=0	-0.399999999999999 -2.524465240576	-2.524465240576	-0.399999999999999	More
#FFFFFF	0.25	0.75	-2.5<thresh<-2.0 FP=3 FN=1	-0.399999999999999 -2.25304533252717	-2.25304533252717	-0.399999999999999	More
#FFFFFF	0.166666666666667	0.75	-2.0<thresh<-1.3 FP=2 FN=1	-0.399999999999999 -1.67437721907083	-1.67437721907083	-0.399999999999999	More
#FFFFFF	0.166666666666667	0.5	-1.3<thresh<-1.0 FP=2 FN=2	-0.399999999999999 -1.14637692472725	-1.14637692472725	-0.399999999999999	More
#FFFFFF	0.0833333333333333	0.5	-1.0<thresh<0.0 FP=1 FN=2	-0.399999999999999 -0.490094964469779	-0.490094964469779	-0.399999999999999	More
#000000	0	0.5	0.0<thresh<1.6 FP=0 FN=2	-0.399999999999999 0.792449489550068	0.792449489550068	-0.399999999999999	Min
#FFFFFF	0	0.25	1.6<thresh<1.7 FP=0 FN=3	-0.399999999999999 1.63535796948531	1.63535796948531	-0.399999999999999	More
#FFFFFF	0	0	1.7<thresh<Inf FP=0 FN=4	-0.399999999999999 Inf	Inf	-0.399999999999999	More
#FFFFFF	1	1	-Inf<thresh<-4.0 FP=12 FN=0	-0.199999999999999 -Inf	-Inf	-0.199999999999999	More
#FFFFFF	0.75	1	-4.0<thresh<-3.8 FP=9 FN=0	-0.199999999999999 -3.93973201486999	-3.93973201486999	-0.199999999999999	More
#FFFFFF	0.666666666666667	1	-3.8<thresh<-3.2 FP=8 FN=0	-0.199999999999999 -3.49503245945932	-3.49503245945932	-0.199999999999999	More
#FFFFFF	0.583333333333333	1	-3.2<thresh<-2.9 FP=7 FN=0	-0.199999999999999 -3.04606547093528	-3.04606547093528	-0.199999999999999	More
#FFFFFF	0.333333333333333	1	-2.9<thresh<-2.6 FP=4 FN=0	-0.199999999999999 -2.7631107381536	-2.7631107381536	-0.199999999999999	More
#FFFFFF	0.25	1	-2.6<thresh<-2.5 FP=3 FN=0	-0.199999999999999 -2.524465240576	-2.524465240576	-0.199999999999999	More
#FFFFFF	0.25	0.75	-2.5<thresh<-2.2 FP=3 FN=1	-0.199999999999999 -2.35304533252717	-2.35304533252717	-0.199999999999999	More
#FFFFFF	0.166666666666667	0.75	-2.2<thresh<-1.5 FP=2 FN=1	-0.199999999999999 -1.87437721907083	-1.87437721907083	-0.199999999999999	More
#FFFFFF	0.166666666666667	0.5	-1.5<thresh<-1.0 FP=2 FN=2	-0.199999999999999 -1.24637692472725	-1.24637692472725	-0.199999999999999	More
#FFFFFF	0.0833333333333333	0.5	-1.0<thresh<-0.2 FP=1 FN=2	-0.199999999999999 -0.590094964469778	-0.590094964469778	-0.199999999999999	More
#000000	0	0.5	-0.2<thresh<1.5 FP=0 FN=2	-0.199999999999999 0.652025557362248	0.652025557362248	-0.199999999999999	Min
#FFFFFF	0	0.25	1.5<thresh<1.6 FP=0 FN=3	-0.199999999999999 1.53535796948531	1.53535796948531	-0.199999999999999	More
#FFFFFF	0	0	1.6<thresh<Inf FP=0 FN=4	-0.199999999999999 Inf	Inf	-0.199999999999999	More
#FFFFFF	1	1	-Inf<thresh<-4.0 FP=12 FN=0	0 -Inf	-Inf	0	More
#FFFFFF	0.75	1	-4.0<thresh<-4.0 FP=9 FN=0	0 -4.03973201486999	-4.03973201486999	0	More
#FFFFFF	0.666666666666667	1	-4.0<thresh<-3.2 FP=8 FN=0	0 -3.59503245945932	-3.59503245945932	0	More
#FFFFFF	0.583333333333333	1	-3.2<thresh<-3.1 FP=7 FN=0	0 -3.14606547093528	-3.14606547093528	0	More
#FFFFFF	0.333333333333333	1	-3.1<thresh<-2.6 FP=4 FN=0	0 -2.8631107381536	-2.8631107381536	0	More
#FFFFFF	0.25	1	-2.6<thresh<-2.5 FP=3 FN=0	0 -2.524465240576	-2.524465240576	0	More
#FFFFFF	0.25	0.75	-2.5<thresh<-2.4 FP=3 FN=1	0 -2.45304533252717	-2.45304533252717	0	More
#FFFFFF	0.166666666666667	0.75	-2.4<thresh<-1.7 FP=2 FN=1	0 -2.07437721907083	-2.07437721907083	0	More
#FFFFFF	0.166666666666667	0.5	-1.7<thresh<-1.0 FP=2 FN=2	0 -1.34637692472725	-1.34637692472725	0	More
#FFFFFF	0.0833333333333333	0.5	-1.0<thresh<-0.4 FP=1 FN=2	0 -0.690094964469778	-0.690094964469778	0	More
#000000	0	0.5	-0.4<thresh<1.3 FP=0 FN=2	0 0.452025557362249	0.452025557362249	0	Min
#FFFFFF	0	0.25	1.3<thresh<1.6 FP=0 FN=3	0 1.43535796948531	1.43535796948531	0	More
#FFFFFF	0	0	1.6<thresh<Inf FP=0 FN=4	0 Inf	Inf	0	More
#FFFFFF	1	1	-Inf<thresh<-4.2 FP=12 FN=0	0.2 -Inf	-Inf	0.2	More
#FFFFFF	0.916666666666667	1	-4.2<thresh<-4.0 FP=11 FN=0	0.2 -4.13973201486999	-4.13973201486999	0.2	More
#FFFFFF	0.666666666666667	1	-4.0<thresh<-3.3 FP=8 FN=0	0.2 -3.69076502634595	-3.69076502634595	0.2	More
#FFFFFF	0.416666666666667	1	-3.3<thresh<-3.2 FP=5 FN=0	0.2 -3.24606547093528	-3.24606547093528	0.2	More
#FFFFFF	0.333333333333333	1	-3.2<thresh<-2.6 FP=4 FN=0	0.2 -2.89968223588422	-2.89968223588422	0.2	More
#FFFFFF	0.25	1	-2.6<thresh<-2.6 FP=3 FN=0	0.2 -2.61672750310254	-2.61672750310254	0.2	More
#000000	0.166666666666667	1	-2.6<thresh<-2.5 FP=2 FN=0	0.2 -2.524465240576	-2.524465240576	0.2	Min
#FFFFFF	0.166666666666667	0.75	-2.5<thresh<-1.9 FP=2 FN=1	0.2 -2.18211495654429	-2.18211495654429	0.2	More
#FFFFFF	0.166666666666667	0.5	-1.9<thresh<-1.0 FP=2 FN=2	0.2 -1.44637692472725	-1.44637692472725	0.2	More
#FFFFFF	0.0833333333333333	0.5	-1.0<thresh<-0.6 FP=1 FN=2	0.2 -0.790094964469778	-0.790094964469778	0.2	More
#000000	0	0.5	-0.6<thresh<1.1 FP=0 FN=2	0.2 0.252025557362249	0.252025557362249	0.2	Min
#FFFFFF	0	0.25	1.1<thresh<1.6 FP=0 FN=3	0.2 1.33535796948531	1.33535796948531	0.2	More
#FFFFFF	0	0	1.6<thresh<Inf FP=0 FN=4	0.2 Inf	Inf	0.2	More
#FFFFFF	1	1	-Inf<thresh<-4.4 FP=12 FN=0	0.4 -Inf	-Inf	0.4	More
#FFFFFF	0.916666666666667	1	-4.4<thresh<-4.0 FP=11 FN=0	0.4 -4.23973201486999	-4.23973201486999	0.4	More
#FFFFFF	0.666666666666667	1	-4.0<thresh<-3.5 FP=8 FN=0	0.4 -3.79076502634595	-3.79076502634595	0.4	More
#FFFFFF	0.416666666666667	1	-3.5<thresh<-3.2 FP=5 FN=0	0.4 -3.34606547093528	-3.34606547093528	0.4	More
#FFFFFF	0.333333333333333	1	-3.2<thresh<-2.8 FP=4 FN=0	0.4 -2.99968223588422	-2.99968223588422	0.4	More
#FFFFFF	0.25	1	-2.8<thresh<-2.6 FP=3 FN=0	0.4 -2.71672750310254	-2.71672750310254	0.4	More
#000000	0.166666666666667	1	-2.6<thresh<-2.5 FP=2 FN=0	0.4 -2.524465240576	-2.524465240576	0.4	Min
#FFFFFF	0.166666666666667	0.75	-2.5<thresh<-2.1 FP=2 FN=1	0.4 -2.28211495654429	-2.28211495654429	0.4	More
#FFFFFF	0.166666666666667	0.5	-2.1<thresh<-1.0 FP=2 FN=2	0.4 -1.54637692472725	-1.54637692472725	0.4	More
#FFFFFF	0.0833333333333333	0.5	-1.0<thresh<-0.8 FP=1 FN=2	0.4 -0.890094964469778	-0.890094964469778	0.4	More
#000000	0	0.5	-0.8<thresh<0.9 FP=0 FN=2	0.4 0.0520255573622483	0.0520255573622483	0.4	Min
#FFFFFF	0	0.25	0.9<thresh<1.6 FP=0 FN=3	0.4 1.23535796948531	1.23535796948531	0.4	More
#FFFFFF	0	0	1.6<thresh<Inf FP=0 FN=4	0.4 Inf	Inf	0.4	More
#FFFFFF	1	1	-Inf<thresh<-4.6 FP=12 FN=0	0.6 -Inf	-Inf	0.600000000000001	More
#FFFFFF	0.916666666666667	1	-4.6<thresh<-4.0 FP=11 FN=0	0.6 -4.33973201486999	-4.33973201486999	0.600000000000001	More
#FFFFFF	0.666666666666667	1	-4.0<thresh<-3.7 FP=8 FN=0	0.6 -3.89076502634595	-3.89076502634595	0.600000000000001	More
#FFFFFF	0.416666666666667	1	-3.7<thresh<-3.2 FP=5 FN=0	0.6 -3.44606547093528	-3.44606547093528	0.600000000000001	More
#FFFFFF	0.333333333333333	1	-3.2<thresh<-3.0 FP=4 FN=0	0.6 -3.09968223588423	-3.09968223588423	0.600000000000001	More
#FFFFFF	0.25	1	-3.0<thresh<-2.6 FP=3 FN=0	0.6 -2.81672750310254	-2.81672750310254	0.600000000000001	More
#000000	0.166666666666667	1	-2.6<thresh<-2.5 FP=2 FN=0	0.6 -2.524465240576	-2.524465240576	0.600000000000001	Min
#FFFFFF	0.166666666666667	0.75	-2.5<thresh<-2.3 FP=2 FN=1	0.6 -2.38211495654429	-2.38211495654429	0.600000000000001	More
#FFFFFF	0.166666666666667	0.5	-2.3<thresh<-1.0 FP=2 FN=2	0.6 -1.64716488283047	-1.64716488283047	0.600000000000001	More
#FFFFFF	0.0833333333333333	0.5	-1.0<thresh<-1.0 FP=1 FN=2	0.6 -0.990094964469779	-0.990094964469779	0.600000000000001	More
#000000	0	0.5	-1.0<thresh<0.7 FP=0 FN=2	0.6 -0.147186484534535	-0.147186484534535	0.600000000000001	Min
#FFFFFF	0	0.25	0.7<thresh<1.6 FP=0 FN=3	0.6 1.13535796948531	1.13535796948531	0.600000000000001	More
#FFFFFF	0	0	1.6<thresh<Inf FP=0 FN=4	0.6 Inf	Inf	0.600000000000001	More
#FFFFFF	1	1	-Inf<thresh<-4.8 FP=12 FN=0	0.800000000000001 -Inf	-Inf	0.800000000000001	More
#FFFFFF	0.916666666666667	1	-4.8<thresh<-4.0 FP=11 FN=0	0.800000000000001 -4.43973201486999	-4.43973201486999	0.800000000000001	More
#FFFFFF	0.666666666666667	1	-4.0<thresh<-3.9 FP=8 FN=0	0.800000000000001 -3.99076502634595	-3.99076502634595	0.800000000000001	More
#FFFFFF	0.416666666666667	1	-3.9<thresh<-3.2 FP=5 FN=0	0.800000000000001 -3.59169083010477	-3.59169083010477	0.800000000000001	More
#FFFFFF	0.333333333333333	1	-3.2<thresh<-3.2 FP=4 FN=0	0.800000000000001 -3.19968223588422	-3.19968223588422	0.800000000000001	More
#FFFFFF	0.25	1	-3.2<thresh<-2.6 FP=3 FN=0	0.800000000000001 -2.87110214393305	-2.87110214393305	0.800000000000001	More
#000000	0.166666666666667	1	-2.6<thresh<-2.5 FP=2 FN=0	0.800000000000001 -2.54579712711966	-2.54579712711966	0.800000000000001	Min
#FFFFFF	0.166666666666667	0.75	-2.5<thresh<-2.5 FP=2 FN=1	0.800000000000001 -2.48211495654429	-2.48211495654429	0.800000000000001	More
#FFFFFF	0.166666666666667	0.5	-2.5<thresh<-1.2 FP=2 FN=2	0.800000000000001 -1.82583299628681	-1.82583299628681	0.800000000000001	More
#FFFFFF	0.0833333333333333	0.5	-1.2<thresh<-1.0 FP=1 FN=2	0.800000000000001 -1.09009496446978	-1.09009496446978	0.800000000000001	More
#000000	0	0.5	-1.0<thresh<0.5 FP=0 FN=2	0.800000000000001 -0.247186484534534	-0.247186484534534	0.800000000000001	Min
#FFFFFF	0	0.25	0.5<thresh<1.6 FP=0 FN=3	0.800000000000001 1.03535796948531	1.03535796948531	0.800000000000001	More
#FFFFFF	0	0	1.6<thresh<Inf FP=0 FN=4	0.800000000000001 Inf	Inf	0.800000000000001	More
#FFFFFF	1	1	-Inf<thresh<-5.0 FP=12 FN=0	1 -Inf	-Inf	1	More
#FFFFFF	0.916666666666667	1	-5.0<thresh<-4.1 FP=11 FN=0	1 -4.58704105367987	-4.58704105367987	1	More
#FFFFFF	0.666666666666667	1	-4.1<thresh<-4.0 FP=8 FN=0	1 -4.09076502634595	-4.09076502634595	1	More
#FFFFFF	0.416666666666667	1	-4.0<thresh<-3.4 FP=5 FN=0	1 -3.74438179129489	-3.74438179129489	1	More
#FFFFFF	0.333333333333333	1	-3.4<thresh<-3.2 FP=4 FN=0	1 -3.29968223588422	-3.29968223588422	1	More
#FFFFFF	0.25	1	-3.2<thresh<-2.7 FP=3 FN=0	1 -2.92875185990134	-2.92875185990134	1	More
#FFFFFF	0.25	0.75	-2.7<thresh<-2.6 FP=3 FN=1	1 -2.64579712711966	-2.64579712711966	1	More
#FFFFFF	0.166666666666667	0.75	-2.6<thresh<-2.5 FP=2 FN=1	1 -2.524465240576	-2.524465240576	1	More
#FFFFFF	0.166666666666667	0.5	-2.5<thresh<-1.4 FP=2 FN=2	1 -1.92583299628681	-1.92583299628681	1	More
#FFFFFF	0.0833333333333333	0.5	-1.4<thresh<-1.0 FP=1 FN=2	1 -1.19009496446978	-1.19009496446978	1	More
#000000	0	0.5	-1.0<thresh<0.3 FP=0 FN=2	1 -0.347186484534534	-0.347186484534534	1	Min
#FFFFFF	0	0.25	0.3<thresh<1.6 FP=0 FN=3	1 0.935357969485313	0.935357969485313	1	More
#FFFFFF	0	0	1.6<thresh<Inf FP=0 FN=4	1 Inf	Inf	1	More
#FFFFFF	1	1	-Inf<thresh<-5.2 FP=12 FN=0	1.2 -Inf	-Inf	1.2	More
#FFFFFF	0.916666666666667	1	-5.2<thresh<-4.3 FP=11 FN=0	1.2 -4.78704105367987	-4.78704105367987	1.2	More
#FFFFFF	0.666666666666667	1	-4.3<thresh<-4.0 FP=8 FN=0	1.2 -4.19076502634595	-4.19076502634595	1.2	More
#FFFFFF	0.416666666666667	1	-4.0<thresh<-3.6 FP=5 FN=0	1.2 -3.84438179129489	-3.84438179129489	1.2	More
#FFFFFF	0.333333333333333	1	-3.6<thresh<-3.2 FP=4 FN=0	1.2 -3.39968223588422	-3.39968223588422	1.2	More
#FFFFFF	0.25	1	-3.2<thresh<-2.9 FP=3 FN=0	1.2 -3.02875185990134	-3.02875185990134	1.2	More
#FFFFFF	0.25	0.75	-2.9<thresh<-2.6 FP=3 FN=1	1.2 -2.74579712711966	-2.74579712711966	1.2	More
#FFFFFF	0.166666666666667	0.75	-2.6<thresh<-2.5 FP=2 FN=1	1.2 -2.524465240576	-2.524465240576	1.2	More
#FFFFFF	0.166666666666667	0.5	-2.5<thresh<-1.6 FP=2 FN=2	1.2 -2.02583299628681	-2.02583299628681	1.2	More
#FFFFFF	0.0833333333333333	0.5	-1.6<thresh<-1.0 FP=1 FN=2	1.2 -1.29009496446978	-1.29009496446978	1.2	More
#000000	0	0.5	-1.0<thresh<0.1 FP=0 FN=2	1.2 -0.447186484534534	-0.447186484534534	1.2	Min
#FFFFFF	0	0.25	0.1<thresh<1.6 FP=0 FN=3	1.2 0.835357969485313	0.835357969485314	1.2	More
#FFFFFF	0	0	1.6<thresh<Inf FP=0 FN=4	1.2 Inf	Inf	1.2	More
#FFFFFF	1	1	-Inf<thresh<-5.4 FP=12 FN=0	1.4 -Inf	-Inf	1.4	More
#FFFFFF	0.916666666666667	1	-5.4<thresh<-4.5 FP=11 FN=0	1.4 -4.98704105367987	-4.98704105367987	1.4	More
#FFFFFF	0.666666666666667	1	-4.5<thresh<-4.0 FP=8 FN=0	1.4 -4.29076502634595	-4.29076502634595	1.4	More
#FFFFFF	0.416666666666667	1	-4.0<thresh<-3.8 FP=5 FN=0	1.4 -3.94438179129489	-3.94438179129489	1.4	More
#FFFFFF	0.333333333333333	1	-3.8<thresh<-3.2 FP=4 FN=0	1.4 -3.49968223588422	-3.49968223588422	1.4	More
#FFFFFF	0.25	1	-3.2<thresh<-3.1 FP=3 FN=0	1.4 -3.12875185990134	-3.12875185990134	1.4	More
#FFFFFF	0.25	0.75	-3.1<thresh<-2.6 FP=3 FN=1	1.4 -2.84579712711966	-2.84579712711966	1.4	More
#FFFFFF	0.166666666666667	0.75	-2.6<thresh<-2.5 FP=2 FN=1	1.4 -2.524465240576	-2.524465240576	1.4	More
#FFFFFF	0.166666666666667	0.5	-2.5<thresh<-1.8 FP=2 FN=2	1.4 -2.12583299628681	-2.12583299628681	1.4	More
#FFFFFF	0.0833333333333333	0.5	-1.8<thresh<-1.0 FP=1 FN=2	1.4 -1.39009496446978	-1.39009496446978	1.4	More
#000000	0	0.5	-1.0<thresh<-0.1 FP=0 FN=2	1.4 -0.547186484534534	-0.547186484534534	1.4	Min
#FFFFFF	0	0.25	-0.1<thresh<1.6 FP=0 FN=3	1.4 0.735357969485313	0.735357969485313	1.4	More
#FFFFFF	0	0	1.6<thresh<Inf FP=0 FN=4	1.4 Inf	Inf	1.4	More
#FFFFFF	1	1	-Inf<thresh<-5.6 FP=12 FN=0	1.6 -Inf	-Inf	1.6	More
#FFFFFF	0.916666666666667	1	-5.6<thresh<-4.7 FP=11 FN=0	1.6 -5.18704105367987	-5.18704105367987	1.6	More
#FFFFFF	0.666666666666667	1	-4.7<thresh<-4.0 FP=8 FN=0	1.6 -4.39169083010477	-4.39169083010477	1.6	More
#FFFFFF	0.583333333333333	1	-4.0<thresh<-4.0 FP=7 FN=0	1.6 -4.04438179129489	-4.04438179129489	1.6	More
#FFFFFF	0.333333333333333	1	-4.0<thresh<-3.3 FP=4 FN=0	1.6 -3.67345141531201	-3.67345141531201	1.6	More
#FFFFFF	0.333333333333333	0.75	-3.3<thresh<-3.2 FP=4 FN=1	1.6 -3.22875185990134	-3.22875185990134	1.6	More
#FFFFFF	0.25	0.75	-3.2<thresh<-2.6 FP=3 FN=1	1.6 -2.87110214393305	-2.87110214393305	1.6	More
#FFFFFF	0.166666666666667	0.75	-2.6<thresh<-2.5 FP=2 FN=1	1.6 -2.524465240576	-2.524465240576	1.6	More
#FFFFFF	0.166666666666667	0.5	-2.5<thresh<-2.0 FP=2 FN=2	1.6 -2.22583299628681	-2.22583299628681	1.6	More
#FFFFFF	0.0833333333333333	0.5	-2.0<thresh<-1.0 FP=1 FN=2	1.6 -1.49009496446978	-1.49009496446978	1.6	More
#000000	0	0.5	-1.0<thresh<-0.3 FP=0 FN=2	1.6 -0.647186484534535	-0.647186484534535	1.6	Min
#FFFFFF	0	0.25	-0.3<thresh<1.6 FP=0 FN=3	1.6 0.635357969485312	0.635357969485312	1.6	More
#FFFFFF	0	0	1.6<thresh<Inf FP=0 FN=4	1.6 Inf	Inf	1.6	More
#FFFFFF	1	1	-Inf<thresh<-5.8 FP=12 FN=0	1.8 -Inf	-Inf	1.8	More
#FFFFFF	0.916666666666667	1	-5.8<thresh<-4.9 FP=11 FN=0	1.8 -5.38704105367987	-5.38704105367987	1.8	More
#FFFFFF	0.666666666666667	1	-4.9<thresh<-4.2 FP=8 FN=0	1.8 -4.59169083010477	-4.59169083010477	1.8	More
#FFFFFF	0.583333333333333	1	-4.2<thresh<-4.0 FP=7 FN=0	1.8 -4.14438179129489	-4.14438179129489	1.8	More
#FFFFFF	0.333333333333333	1	-4.0<thresh<-3.5 FP=4 FN=0	1.8 -3.77345141531201	-3.77345141531201	1.8	More
#FFFFFF	0.333333333333333	0.75	-3.5<thresh<-3.2 FP=4 FN=1	1.8 -3.32875185990134	-3.32875185990134	1.8	More
#FFFFFF	0.25	0.75	-3.2<thresh<-2.6 FP=3 FN=1	1.8 -2.87110214393305	-2.87110214393305	1.8	More
#FFFFFF	0.166666666666667	0.75	-2.6<thresh<-2.5 FP=2 FN=1	1.8 -2.524465240576	-2.524465240576	1.8	More
#FFFFFF	0.166666666666667	0.5	-2.5<thresh<-2.2 FP=2 FN=2	1.8 -2.32583299628681	-2.32583299628681	1.8	More
#FFFFFF	0.0833333333333333	0.5	-2.2<thresh<-1.0 FP=1 FN=2	1.8 -1.59009496446978	-1.59009496446978	1.8	More
#000000	0	0.5	-1.0<thresh<-0.5 FP=0 FN=2	1.8 -0.747186484534534	-0.747186484534534	1.8	Min
#FFFFFF	0	0.25	-0.5<thresh<1.6 FP=0 FN=3	1.8 0.535357969485313	0.535357969485313	1.8	More
#FFFFFF	0	0	1.6<thresh<Inf FP=0 FN=4	1.8 Inf	Inf	1.8	More
#FFFFFF	1	1	-Inf<thresh<-6.0 FP=12 FN=0	2 -Inf	-Inf	2	More
#FFFFFF	0.916666666666667	1	-6.0<thresh<-5.1 FP=11 FN=0	2 -5.58704105367987	-5.58704105367987	2	More
#FFFFFF	0.666666666666667	1	-5.1<thresh<-4.4 FP=8 FN=0	2 -4.79169083010477	-4.79169083010477	2	More
#FFFFFF	0.583333333333333	1	-4.4<thresh<-4.0 FP=7 FN=0	2 -4.24438179129489	-4.24438179129489	2	More
#FFFFFF	0.333333333333333	1	-4.0<thresh<-3.7 FP=4 FN=0	2 -3.87345141531201	-3.87345141531201	2	More
#FFFFFF	0.333333333333333	0.75	-3.7<thresh<-3.2 FP=4 FN=1	2 -3.42875185990134	-3.42875185990134	2	More
#FFFFFF	0.25	0.75	-3.2<thresh<-2.6 FP=3 FN=1	2 -2.87110214393305	-2.87110214393305	2	More
#FFFFFF	0.166666666666667	0.75	-2.6<thresh<-2.5 FP=2 FN=1	2 -2.524465240576	-2.524465240576	2	More
#FFFFFF	0.166666666666667	0.5	-2.5<thresh<-2.4 FP=2 FN=2	2 -2.42583299628681	-2.42583299628681	2	More
#FFFFFF	0.0833333333333333	0.5	-2.4<thresh<-1.0 FP=1 FN=2	2 -1.69009496446978	-1.69009496446978	2	More
#000000	0	0.5	-1.0<thresh<-0.7 FP=0 FN=2	2 -0.847186484534534	-0.847186484534534	2	Min
#FFFFFF	0	0.25	-0.7<thresh<1.6 FP=0 FN=3	2 0.435357969485313	0.435357969485313	2	More
#FFFFFF	0	0	1.6<thresh<Inf FP=0 FN=4	2 Inf	Inf	2	More
#FFFFFF	1	1	-Inf<thresh<-6.2 FP=12 FN=0	2.2 -Inf	-Inf	2.2	More
#FFFFFF	0.916666666666667	1	-6.2<thresh<-5.3 FP=11 FN=0	2.2 -5.78704105367987	-5.78704105367987	2.2	More
#FFFFFF	0.666666666666667	1	-5.3<thresh<-4.6 FP=8 FN=0	2.2 -4.99169083010477	-4.99169083010477	2.2	More
#FFFFFF	0.583333333333333	1	-4.6<thresh<-4.0 FP=7 FN=0	2.2 -4.34438179129489	-4.34438179129489	2.2	More
#FFFFFF	0.333333333333333	1	-4.0<thresh<-3.9 FP=4 FN=0	2.2 -3.97345141531201	-3.97345141531201	2.2	More
#FFFFFF	0.333333333333333	0.75	-3.9<thresh<-3.2 FP=4 FN=1	2.2 -3.52875185990134	-3.52875185990134	2.2	More
#FFFFFF	0.25	0.75	-3.2<thresh<-2.6 FP=3 FN=1	2.2 -2.87246989964386	-2.87246989964386	2.2	More
#FFFFFF	0.166666666666667	0.75	-2.6<thresh<-2.6 FP=2 FN=1	2.2 -2.58951516686218	-2.58951516686218	2.2	More
#000000	0.0833333333333333	0.75	-2.6<thresh<-2.5 FP=1 FN=1	2.2 -2.524465240576	-2.524465240576	2.2	Min
#FFFFFF	0.0833333333333333	0.5	-2.5<thresh<-1.0 FP=1 FN=2	2.2 -1.7250450381836	-1.7250450381836	2.2	More
#000000	0	0.5	-1.0<thresh<-0.9 FP=0 FN=2	2.2 -0.947186484534534	-0.947186484534534	2.2	Min
#FFFFFF	0	0.25	-0.9<thresh<1.6 FP=0 FN=3	2.2 0.335357969485313	0.335357969485314	2.2	More
#FFFFFF	0	0	1.6<thresh<Inf FP=0 FN=4	2.2 Inf	Inf	2.2	More
#FFFFFF	1	1	-Inf<thresh<-6.4 FP=12 FN=0	2.4 -Inf	-Inf	2.4	More
#FFFFFF	0.916666666666667	1	-6.4<thresh<-5.5 FP=11 FN=0	2.4 -5.98704105367987	-5.98704105367987	2.4	More
#FFFFFF	0.666666666666667	1	-5.5<thresh<-4.8 FP=8 FN=0	2.4 -5.19169083010477	-5.19169083010477	2.4	More
#FFFFFF	0.583333333333333	1	-4.8<thresh<-4.1 FP=7 FN=0	2.4 -4.47437721907083	-4.47437721907083	2.4	More
#FFFFFF	0.583333333333333	0.75	-4.1<thresh<-4.0 FP=7 FN=1	2.4 -4.07345141531201	-4.07345141531201	2.4	More
#FFFFFF	0.333333333333333	0.75	-4.0<thresh<-3.2 FP=4 FN=1	2.4 -3.5987564321254	-3.5987564321254	2.4	More
#FFFFFF	0.25	0.75	-3.2<thresh<-2.8 FP=3 FN=1	2.4 -2.97246989964386	-2.97246989964386	2.4	More
#FFFFFF	0.166666666666667	0.75	-2.8<thresh<-2.6 FP=2 FN=1	2.4 -2.68951516686218	-2.68951516686218	2.4	More
#000000	0.0833333333333333	0.75	-2.6<thresh<-2.5 FP=1 FN=1	2.4 -2.524465240576	-2.524465240576	2.4	Min
#FFFFFF	0.0833333333333333	0.5	-2.5<thresh<-1.1 FP=1 FN=2	2.4 -1.78292451635157	-1.78292451635157	2.4	More
#FFFFFF	0.0833333333333333	0.25	-1.1<thresh<-1.0 FP=1 FN=3	2.4 -1.04718648453453	-1.04718648453453	2.4	More
#FFFFFF	0	0.25	-1.0<thresh<1.6 FP=0 FN=3	2.4 0.293237447653286	0.293237447653286	2.4	More
#FFFFFF	0	0	1.6<thresh<Inf FP=0 FN=4	2.4 Inf	Inf	2.4	More
#FFFFFF	1	1	-Inf<thresh<-6.6 FP=12 FN=0	2.6 -Inf	-Inf	2.6	More
#FFFFFF	0.916666666666667	1	-6.6<thresh<-5.7 FP=11 FN=0	2.6 -6.18704105367987	-6.18704105367987	2.6	More
#FFFFFF	0.666666666666667	1	-5.7<thresh<-5.0 FP=8 FN=0	2.6 -5.39169083010477	-5.39169083010477	2.6	More
#FFFFFF	0.583333333333333	1	-5.0<thresh<-4.3 FP=7 FN=0	2.6 -4.67437721907083	-4.67437721907083	2.6	More
#FFFFFF	0.583333333333333	0.75	-4.3<thresh<-4.0 FP=7 FN=1	2.6 -4.17345141531201	-4.17345141531201	2.6	More
#FFFFFF	0.333333333333333	0.75	-4.0<thresh<-3.2 FP=4 FN=1	2.6 -3.5987564321254	-3.5987564321254	2.6	More
#FFFFFF	0.25	0.75	-3.2<thresh<-3.0 FP=3 FN=1	2.6 -3.07246989964386	-3.07246989964386	2.6	More
#FFFFFF	0.166666666666667	0.75	-3.0<thresh<-2.6 FP=2 FN=1	2.6 -2.78951516686218	-2.78951516686218	2.6	More
#000000	0.0833333333333333	0.75	-2.6<thresh<-2.5 FP=1 FN=1	2.6 -2.524465240576	-2.524465240576	2.6	Min
#FFFFFF	0.0833333333333333	0.5	-2.5<thresh<-1.3 FP=1 FN=2	2.6 -1.88292451635157	-1.88292451635157	2.6	More
#FFFFFF	0.0833333333333333	0.25	-1.3<thresh<-1.0 FP=1 FN=3	2.6 -1.14718648453453	-1.14718648453453	2.6	More
#FFFFFF	0	0.25	-1.0<thresh<1.6 FP=0 FN=3	2.6 0.293237447653286	0.293237447653286	2.6	More
#FFFFFF	0	0	1.6<thresh<Inf FP=0 FN=4	2.6 Inf	Inf	2.6	More
#FFFFFF	1	1	-Inf<thresh<-6.8 FP=12 FN=0	2.8 -Inf	-Inf	2.8	More
#FFFFFF	0.916666666666667	1	-6.8<thresh<-5.9 FP=11 FN=0	2.8 -6.38704105367987	-6.38704105367987	2.8	More
#FFFFFF	0.666666666666667	1	-5.9<thresh<-5.2 FP=8 FN=0	2.8 -5.59169083010477	-5.59169083010477	2.8	More
#FFFFFF	0.583333333333333	1	-5.2<thresh<-4.5 FP=7 FN=0	2.8 -4.87437721907083	-4.87437721907083	2.8	More
#FFFFFF	0.583333333333333	0.75	-4.5<thresh<-4.0 FP=7 FN=1	2.8 -4.27345141531201	-4.27345141531201	2.8	More
#FFFFFF	0.333333333333333	0.75	-4.0<thresh<-3.2 FP=4 FN=1	2.8 -3.61716945505453	-3.61716945505453	2.8	More
#FFFFFF	0.25	0.75	-3.2<thresh<-3.2 FP=3 FN=1	2.8 -3.17246989964386	-3.17246989964386	2.8	More
#FFFFFF	0.166666666666667	0.75	-3.2<thresh<-2.6 FP=2 FN=1	2.8 -2.87110214393305	-2.87110214393305	2.8	More
#000000	0.0833333333333333	0.75	-2.6<thresh<-2.5 FP=1 FN=1	2.8 -2.524465240576	-2.524465240576	2.8	Min
#FFFFFF	0.0833333333333333	0.5	-2.5<thresh<-1.5 FP=1 FN=2	2.8 -1.98292451635157	-1.98292451635157	2.8	More
#FFFFFF	0.0833333333333333	0.25	-1.5<thresh<-1.0 FP=1 FN=3	2.8 -1.24718648453453	-1.24718648453453	2.8	More
#FFFFFF	0	0.25	-1.0<thresh<1.6 FP=0 FN=3	2.8 0.293237447653286	0.293237447653286	2.8	More
#FFFFFF	0	0	1.6<thresh<Inf FP=0 FN=4	2.8 Inf	Inf	2.8	More
#FFFFFF	1	1	-Inf<thresh<-7.0 FP=12 FN=0	3 -Inf	-Inf	3	More
#FFFFFF	0.916666666666667	1	-7.0<thresh<-6.1 FP=11 FN=0	3 -6.58704105367987	-6.58704105367987	3	More
#FFFFFF	0.666666666666667	1	-6.1<thresh<-5.4 FP=8 FN=0	3 -5.79169083010477	-5.79169083010477	3	More
#FFFFFF	0.583333333333333	1	-5.4<thresh<-4.7 FP=7 FN=0	3 -5.07437721907083	-5.07437721907083	3	More
#FFFFFF	0.583333333333333	0.75	-4.7<thresh<-4.0 FP=7 FN=1	3 -4.37345141531201	-4.37345141531201	3	More
#FFFFFF	0.333333333333333	0.75	-4.0<thresh<-3.4 FP=4 FN=1	3 -3.71716945505453	-3.71716945505453	3	More
#FFFFFF	0.25	0.75	-3.4<thresh<-3.2 FP=3 FN=1	3 -3.27246989964386	-3.27246989964386	3	More
#FFFFFF	0.166666666666667	0.75	-3.2<thresh<-2.6 FP=2 FN=1	3 -2.87110214393305	-2.87110214393305	3	More
#000000	0.0833333333333333	0.75	-2.6<thresh<-2.5 FP=1 FN=1	3 -2.524465240576	-2.524465240576	3	Min
#FFFFFF	0.0833333333333333	0.5	-2.5<thresh<-1.7 FP=1 FN=2	3 -2.08292451635157	-2.08292451635157	3	More
#FFFFFF	0.0833333333333333	0.25	-1.7<thresh<-1.0 FP=1 FN=3	3 -1.34718648453453	-1.34718648453453	3	More
#FFFFFF	0	0.25	-1.0<thresh<1.6 FP=0 FN=3	3 0.293237447653286	0.293237447653286	3	More
#FFFFFF	0	0	1.6<thresh<Inf FP=0 FN=4	3 Inf	Inf	3	More
#FFFFFF	1	1	-Inf<thresh<-7.2 FP=12 FN=0	3.2 -Inf	-Inf	3.2	More
#FFFFFF	0.916666666666667	1	-7.2<thresh<-6.3 FP=11 FN=0	3.2 -6.78704105367987	-6.78704105367987	3.2	More
#FFFFFF	0.666666666666667	1	-6.3<thresh<-5.6 FP=8 FN=0	3.2 -5.99169083010477	-5.99169083010477	3.2	More
#FFFFFF	0.583333333333333	1	-5.6<thresh<-4.9 FP=7 FN=0	3.2 -5.27437721907083	-5.27437721907083	3.2	More
#FFFFFF	0.583333333333333	0.75	-4.9<thresh<-4.0 FP=7 FN=1	3.2 -4.47345141531201	-4.47345141531201	3.2	More
#FFFFFF	0.333333333333333	0.75	-4.0<thresh<-3.6 FP=4 FN=1	3.2 -3.81716945505453	-3.81716945505453	3.2	More
#FFFFFF	0.25	0.75	-3.6<thresh<-3.2 FP=3 FN=1	3.2 -3.37246989964386	-3.37246989964386	3.2	More
#FFFFFF	0.166666666666667	0.75	-3.2<thresh<-2.6 FP=2 FN=1	3.2 -2.87110214393305	-2.87110214393305	3.2	More
#000000	0.0833333333333333	0.75	-2.6<thresh<-2.5 FP=1 FN=1	3.2 -2.524465240576	-2.524465240576	3.2	Min
#FFFFFF	0.0833333333333333	0.5	-2.5<thresh<-1.9 FP=1 FN=2	3.2 -2.18292451635157	-2.18292451635157	3.2	More
#FFFFFF	0.0833333333333333	0.25	-1.9<thresh<-1.0 FP=1 FN=3	3.2 -1.44718648453453	-1.44718648453453	3.2	More
#FFFFFF	0	0.25	-1.0<thresh<1.6 FP=0 FN=3	3.2 0.293237447653286	0.293237447653286	3.2	More
#FFFFFF	0	0	1.6<thresh<Inf FP=0 FN=4	3.2 Inf	Inf	3.2	More
#FFFFFF	1	1	-Inf<thresh<-7.4 FP=12 FN=0	3.4 -Inf	-Inf	3.4	More
#FFFFFF	0.916666666666667	1	-7.4<thresh<-6.5 FP=11 FN=0	3.4 -6.98704105367987	-6.98704105367987	3.4	More
#FFFFFF	0.666666666666667	1	-6.5<thresh<-5.8 FP=8 FN=0	3.4 -6.19169083010477	-6.19169083010477	3.4	More
#FFFFFF	0.583333333333333	1	-5.8<thresh<-5.1 FP=7 FN=0	3.4 -5.47437721907083	-5.47437721907083	3.4	More
#FFFFFF	0.583333333333333	0.75	-5.1<thresh<-4.0 FP=7 FN=1	3.4 -4.57345141531201	-4.57345141531201	3.4	More
#FFFFFF	0.333333333333333	0.75	-4.0<thresh<-3.8 FP=4 FN=1	3.4 -3.91716945505453	-3.91716945505453	3.4	More
#FFFFFF	0.25	0.75	-3.8<thresh<-3.2 FP=3 FN=1	3.4 -3.47246989964386	-3.47246989964386	3.4	More
#FFFFFF	0.166666666666667	0.75	-3.2<thresh<-2.6 FP=2 FN=1	3.4 -2.87110214393305	-2.87110214393305	3.4	More
#000000	0.0833333333333333	0.75	-2.6<thresh<-2.5 FP=1 FN=1	3.4 -2.524465240576	-2.524465240576	3.4	Min
#FFFFFF	0.0833333333333333	0.5	-2.5<thresh<-2.1 FP=1 FN=2	3.4 -2.28292451635157	-2.28292451635157	3.4	More
#FFFFFF	0.0833333333333333	0.25	-2.1<thresh<-1.0 FP=1 FN=3	3.4 -1.54718648453453	-1.54718648453453	3.4	More
#FFFFFF	0	0.25	-1.0<thresh<1.6 FP=0 FN=3	3.4 0.293237447653286	0.293237447653286	3.4	More
#FFFFFF	0	0	1.6<thresh<Inf FP=0 FN=4	3.4 Inf	Inf	3.4	More
#FFFFFF	1	1	-Inf<thresh<-7.6 FP=12 FN=0	3.6 -Inf	-Inf	3.6	More
#FFFFFF	0.916666666666667	1	-7.6<thresh<-6.7 FP=11 FN=0	3.6 -7.18704105367987	-7.18704105367987	3.6	More
#FFFFFF	0.666666666666667	1	-6.7<thresh<-6.0 FP=8 FN=0	3.6 -6.39169083010477	-6.39169083010477	3.6	More
#FFFFFF	0.583333333333333	1	-6.0<thresh<-5.3 FP=7 FN=0	3.6 -5.67437721907083	-5.67437721907083	3.6	More
#FFFFFF	0.583333333333333	0.75	-5.3<thresh<-4.0 FP=7 FN=1	3.6 -4.67345141531201	-4.67345141531201	3.6	More
#FFFFFF	0.333333333333333	0.75	-4.0<thresh<-4.0 FP=4 FN=1	3.6 -4.01716945505453	-4.01716945505453	3.6	More
#FFFFFF	0.25	0.75	-4.0<thresh<-3.2 FP=3 FN=1	3.6 -3.57246989964386	-3.57246989964386	3.6	More
#FFFFFF	0.166666666666667	0.75	-3.2<thresh<-2.6 FP=2 FN=1	3.6 -2.87110214393305	-2.87110214393305	3.6	More
#000000	0.0833333333333333	0.75	-2.6<thresh<-2.5 FP=1 FN=1	3.6 -2.524465240576	-2.524465240576	3.6	Min
#FFFFFF	0.0833333333333333	0.5	-2.5<thresh<-2.3 FP=1 FN=2	3.6 -2.38292451635157	-2.38292451635157	3.6	More
#FFFFFF	0.0833333333333333	0.25	-2.3<thresh<-1.0 FP=1 FN=3	3.6 -1.64718648453453	-1.64718648453453	3.6	More
#FFFFFF	0	0.25	-1.0<thresh<1.6 FP=0 FN=3	3.6 0.293237447653286	0.293237447653286	3.6	More
#FFFFFF	0	0	1.6<thresh<Inf FP=0 FN=4	3.6 Inf	Inf	3.6	More
#FFFFFF	1	1	-Inf<thresh<-7.8 FP=12 FN=0	3.8 -Inf	-Inf	3.8	More
#FFFFFF	0.916666666666667	1	-7.8<thresh<-6.9 FP=11 FN=0	3.8 -7.38704105367987	-7.38704105367987	3.8	More
#FFFFFF	0.666666666666667	1	-6.9<thresh<-6.2 FP=8 FN=0	3.8 -6.59169083010477	-6.59169083010477	3.8	More
#FFFFFF	0.583333333333333	1	-6.2<thresh<-5.5 FP=7 FN=0	3.8 -5.87437721907083	-5.87437721907083	3.8	More
#FFFFFF	0.583333333333333	0.75	-5.5<thresh<-4.2 FP=7 FN=1	3.8 -4.84716488283047	-4.84716488283047	3.8	More
#FFFFFF	0.5	0.75	-4.2<thresh<-4.0 FP=6 FN=1	3.8 -4.11716945505453	-4.11716945505453	3.8	More
#FFFFFF	0.25	0.75	-4.0<thresh<-3.2 FP=3 FN=1	3.8 -3.5987564321254	-3.5987564321254	3.8	More
#FFFFFF	0.166666666666667	0.75	-3.2<thresh<-2.6 FP=2 FN=1	3.8 -2.87110214393305	-2.87110214393305	3.8	More
#000000	0.0833333333333333	0.75	-2.6<thresh<-2.5 FP=1 FN=1	3.8 -2.54660668692694	-2.54660668692694	3.8	Min
#FFFFFF	0.0833333333333333	0.5	-2.5<thresh<-2.5 FP=1 FN=2	3.8 -2.48292451635157	-2.48292451635157	3.8	More
#FFFFFF	0.0833333333333333	0.25	-2.5<thresh<-1.0 FP=1 FN=3	3.8 -1.7250450381836	-1.7250450381836	3.8	More
#FFFFFF	0	0.25	-1.0<thresh<1.6 FP=0 FN=3	3.8 0.293237447653286	0.293237447653286	3.8	More
#FFFFFF	0	0	1.6<thresh<Inf FP=0 FN=4	3.8 Inf	Inf	3.8	More
#FFFFFF	1	1	-Inf<thresh<-8.0 FP=12 FN=0	4 -Inf	-Inf	4	More
#FFFFFF	0.916666666666667	1	-8.0<thresh<-7.1 FP=11 FN=0	4 -7.58704105367987	-7.58704105367987	4	More
#FFFFFF	0.666666666666667	1	-7.1<thresh<-6.4 FP=8 FN=0	4 -6.79169083010477	-6.79169083010477	4	More
#FFFFFF	0.583333333333333	1	-6.4<thresh<-5.7 FP=7 FN=0	4 -6.07437721907083	-6.07437721907083	4	More
#FFFFFF	0.583333333333333	0.75	-5.7<thresh<-4.4 FP=7 FN=1	4 -5.04716488283047	-5.04716488283047	4	More
#FFFFFF	0.5	0.75	-4.4<thresh<-4.0 FP=6 FN=1	4 -4.21716945505453	-4.21716945505453	4	More
#FFFFFF	0.25	0.75	-4.0<thresh<-3.2 FP=3 FN=1	4 -3.5987564321254	-3.5987564321254	4	More
#000000	0.166666666666667	0.75	-3.2<thresh<-2.7 FP=2 FN=1	4 -2.92956141970862	-2.92956141970862	4	Min
#FFFFFF	0.166666666666667	0.5	-2.7<thresh<-2.6 FP=2 FN=2	4 -2.64660668692694	-2.64660668692694	4	More
#000000	0.0833333333333333	0.5	-2.6<thresh<-2.5 FP=1 FN=2	4 -2.524465240576	-2.524465240576	4	Min
#FFFFFF	0.0833333333333333	0.25	-2.5<thresh<-1.0 FP=1 FN=3	4 -1.7250450381836	-1.7250450381836	4	More
#000000	0	0.25	-1.0<thresh<1.6 FP=0 FN=3	4 0.293237447653286	0.293237447653286	4	Min
#FFFFFF	0	0	1.6<thresh<Inf FP=0 FN=4	4 Inf	Inf	4	More
#FFFFFF	1	1	-Inf<thresh<-8.2 FP=12 FN=0	4.2 -Inf	-Inf	4.2	More
#FFFFFF	0.916666666666667	1	-8.2<thresh<-7.3 FP=11 FN=0	4.2 -7.78704105367987	-7.78704105367987	4.2	More
#FFFFFF	0.666666666666667	1	-7.3<thresh<-6.6 FP=8 FN=0	4.2 -6.99169083010477	-6.99169083010477	4.2	More
#FFFFFF	0.583333333333333	1	-6.6<thresh<-5.9 FP=7 FN=0	4.2 -6.27437721907083	-6.27437721907083	4.2	More
#FFFFFF	0.583333333333333	0.75	-5.9<thresh<-4.6 FP=7 FN=1	4.2 -5.24716488283047	-5.24716488283047	4.2	More
#FFFFFF	0.5	0.75	-4.6<thresh<-4.0 FP=6 FN=1	4.2 -4.31716945505453	-4.31716945505453	4.2	More
#FFFFFF	0.25	0.75	-4.0<thresh<-3.2 FP=3 FN=1	4.2 -3.5987564321254	-3.5987564321254	4.2	More
#000000	0.166666666666667	0.75	-3.2<thresh<-2.9 FP=2 FN=1	4.2 -3.02956141970862	-3.02956141970862	4.2	Min
#FFFFFF	0.166666666666667	0.5	-2.9<thresh<-2.6 FP=2 FN=2	4.2 -2.74660668692694	-2.74660668692694	4.2	More
#000000	0.0833333333333333	0.5	-2.6<thresh<-2.5 FP=1 FN=2	4.2 -2.524465240576	-2.524465240576	4.2	Min
#FFFFFF	0.0833333333333333	0.25	-2.5<thresh<-1.0 FP=1 FN=3	4.2 -1.7250450381836	-1.7250450381836	4.2	More
#000000	0	0.25	-1.0<thresh<1.6 FP=0 FN=3	4.2 0.293237447653286	0.293237447653286	4.2	Min
#FFFFFF	0	0	1.6<thresh<Inf FP=0 FN=4	4.2 Inf	Inf	4.2	More
#FFFFFF	1	1	-Inf<thresh<-8.4 FP=12 FN=0	4.4 -Inf	-Inf	4.4	More
#FFFFFF	0.916666666666667	1	-8.4<thresh<-7.5 FP=11 FN=0	4.4 -7.98704105367987	-7.98704105367987	4.4	More
#FFFFFF	0.666666666666667	1	-7.5<thresh<-6.8 FP=8 FN=0	4.4 -7.19169083010477	-7.19169083010477	4.4	More
#FFFFFF	0.583333333333333	1	-6.8<thresh<-6.1 FP=7 FN=0	4.4 -6.47437721907083	-6.47437721907083	4.4	More
#FFFFFF	0.583333333333333	0.75	-6.1<thresh<-4.8 FP=7 FN=1	4.4 -5.44716488283047	-5.44716488283047	4.4	More
#FFFFFF	0.5	0.75	-4.8<thresh<-4.0 FP=6 FN=1	4.4 -4.41716945505453	-4.41716945505453	4.4	More
#FFFFFF	0.25	0.75	-4.0<thresh<-3.2 FP=3 FN=1	4.4 -3.5987564321254	-3.5987564321254	4.4	More
#000000	0.166666666666667	0.75	-3.2<thresh<-3.1 FP=2 FN=1	4.4 -3.12956141970862	-3.12956141970862	4.4	Min
#FFFFFF	0.166666666666667	0.5	-3.1<thresh<-2.6 FP=2 FN=2	4.4 -2.84660668692694	-2.84660668692694	4.4	More
#000000	0.0833333333333333	0.5	-2.6<thresh<-2.5 FP=1 FN=2	4.4 -2.524465240576	-2.524465240576	4.4	Min
#FFFFFF	0.0833333333333333	0.25	-2.5<thresh<-1.0 FP=1 FN=3	4.4 -1.7250450381836	-1.7250450381836	4.4	More
#000000	0	0.25	-1.0<thresh<1.6 FP=0 FN=3	4.4 0.293237447653286	0.293237447653286	4.4	Min
#FFFFFF	0	0	1.6<thresh<Inf FP=0 FN=4	4.4 Inf	Inf	4.4	More
#FFFFFF	1	1	-Inf<thresh<-8.6 FP=12 FN=0	4.6 -Inf	-Inf	4.6	More
#FFFFFF	0.916666666666667	1	-8.6<thresh<-7.7 FP=11 FN=0	4.6 -8.18704105367987	-8.18704105367987	4.6	More
#FFFFFF	0.666666666666667	1	-7.7<thresh<-7.0 FP=8 FN=0	4.6 -7.39169083010477	-7.39169083010477	4.6	More
#FFFFFF	0.583333333333333	1	-7.0<thresh<-6.3 FP=7 FN=0	4.6 -6.67437721907083	-6.67437721907083	4.6	More
#FFFFFF	0.583333333333333	0.75	-6.3<thresh<-5.0 FP=7 FN=1	4.6 -5.64716488283047	-5.64716488283047	4.6	More
#FFFFFF	0.5	0.75	-5.0<thresh<-4.0 FP=6 FN=1	4.6 -4.51716945505453	-4.51716945505453	4.6	More
#FFFFFF	0.25	0.75	-4.0<thresh<-3.3 FP=3 FN=1	4.6 -3.67426097511929	-3.67426097511929	4.6	More
#FFFFFF	0.25	0.5	-3.3<thresh<-3.2 FP=3 FN=2	4.6 -3.22956141970862	-3.22956141970862	4.6	More
#FFFFFF	0.166666666666667	0.5	-3.2<thresh<-2.6 FP=2 FN=2	4.6 -2.87110214393305	-2.87110214393305	4.6	More
#000000	0.0833333333333333	0.5	-2.6<thresh<-2.5 FP=1 FN=2	4.6 -2.524465240576	-2.524465240576	4.6	Min
#FFFFFF	0.0833333333333333	0.25	-2.5<thresh<-1.0 FP=1 FN=3	4.6 -1.7250450381836	-1.7250450381836	4.6	More
#000000	0	0.25	-1.0<thresh<1.6 FP=0 FN=3	4.6 0.293237447653286	0.293237447653286	4.6	Min
#FFFFFF	0	0	1.6<thresh<Inf FP=0 FN=4	4.6 Inf	Inf	4.6	More
#FFFFFF	1	1	-Inf<thresh<-8.8 FP=12 FN=0	4.8 -Inf	-Inf	4.8	More
#FFFFFF	0.916666666666667	1	-8.8<thresh<-7.9 FP=11 FN=0	4.8 -8.38704105367987	-8.38704105367987	4.8	More
#FFFFFF	0.666666666666667	1	-7.9<thresh<-7.2 FP=8 FN=0	4.8 -7.59169083010477	-7.59169083010477	4.8	More
#FFFFFF	0.583333333333333	1	-7.2<thresh<-6.5 FP=7 FN=0	4.8 -6.87437721907083	-6.87437721907083	4.8	More
#FFFFFF	0.583333333333333	0.75	-6.5<thresh<-5.2 FP=7 FN=1	4.8 -5.84716488283047	-5.84716488283047	4.8	More
#FFFFFF	0.5	0.75	-5.2<thresh<-4.0 FP=6 FN=1	4.8 -4.61716945505453	-4.61716945505453	4.8	More
#FFFFFF	0.25	0.75	-4.0<thresh<-3.5 FP=3 FN=1	4.8 -3.77426097511929	-3.77426097511929	4.8	More
#FFFFFF	0.25	0.5	-3.5<thresh<-3.2 FP=3 FN=2	4.8 -3.32956141970862	-3.32956141970862	4.8	More
#FFFFFF	0.166666666666667	0.5	-3.2<thresh<-2.6 FP=2 FN=2	4.8 -2.87110214393305	-2.87110214393305	4.8	More
#000000	0.0833333333333333	0.5	-2.6<thresh<-2.5 FP=1 FN=2	4.8 -2.524465240576	-2.524465240576	4.8	Min
#FFFFFF	0.0833333333333333	0.25	-2.5<thresh<-1.0 FP=1 FN=3	4.8 -1.7250450381836	-1.7250450381836	4.8	More
#000000	0	0.25	-1.0<thresh<1.6 FP=0 FN=3	4.8 0.293237447653286	0.293237447653286	4.8	Min
#FFFFFF	0	0	1.6<thresh<Inf FP=0 FN=4	4.8 Inf	Inf	4.8	More
#FFFFFF	1	1	-Inf<thresh<-9.0 FP=12 FN=0	5 -Inf	-Inf	5	More
#FFFFFF	0.916666666666667	1	-9.0<thresh<-8.1 FP=11 FN=0	5 -8.58704105367987	-8.58704105367987	5	More
#FFFFFF	0.666666666666667	1	-8.1<thresh<-7.4 FP=8 FN=0	5 -7.79169083010477	-7.79169083010477	5	More
#FFFFFF	0.583333333333333	1	-7.4<thresh<-6.7 FP=7 FN=0	5 -7.07437721907083	-7.07437721907083	5	More
#FFFFFF	0.583333333333333	0.75	-6.7<thresh<-5.4 FP=7 FN=1	5 -6.04716488283047	-6.04716488283047	5	More
#FFFFFF	0.5	0.75	-5.4<thresh<-4.0 FP=6 FN=1	5 -4.71716945505453	-4.71716945505453	5	More
#FFFFFF	0.25	0.75	-4.0<thresh<-3.7 FP=3 FN=1	5 -3.87426097511929	-3.87426097511929	5	More
#FFFFFF	0.25	0.5	-3.7<thresh<-3.2 FP=3 FN=2	5 -3.42956141970862	-3.42956141970862	5	More
#FFFFFF	0.166666666666667	0.5	-3.2<thresh<-2.6 FP=2 FN=2	5 -2.87110214393305	-2.87110214393305	5	More
#000000	0.0833333333333333	0.5	-2.6<thresh<-2.5 FP=1 FN=2	5 -2.524465240576	-2.524465240576	5	Min
#FFFFFF	0.0833333333333333	0.25	-2.5<thresh<-1.0 FP=1 FN=3	5 -1.7250450381836	-1.7250450381836	5	More
#000000	0	0.25	-1.0<thresh<1.6 FP=0 FN=3	5 0.293237447653286	0.293237447653286	5	Min
#FFFFFF	0	0	1.6<thresh<Inf FP=0 FN=4	5 Inf	Inf	5	More
